"CODE_PRODUIT","LIBELLE_PRODUIT","SIQO_FILIERE","RICA_var","RICA_var_libelle","RICA_var_code","RICA_var_code_libelle","species","production_type"
"A981","YONNE","IGP, VINS",NA,NA,NA,NA,NA,NA
"A1152","WHISKY D ALSACE OU WHISKY ALSACIEN","IG, EAUXDEVIE ET AUTRES ALCOOLS",NA,NA,NA,NA,NA,NA
"A119","VOUVRAY","AOP & AOC, VINS",NA,NA,NA,NA,NA,NA
"A242","VOUGEOT","AOP & AOC, VINS",NA,NA,NA,NA,NA,NA
"A241","VOSNEROMANEE","AOP & AOC, VINS",NA,NA,NA,NA,NA,NA
"A240","VOLNAY","AOP & AOC, VINS",NA,NA,NA,NA,NA,NA
"A543","VOLAILLES DU VELAY","IGP, VIANDES DE VOLAILLES FRAICHES CONGELEES OU SURGELEES",NA,NA,NA,NA,"poultry","meat"
"A540","VOLAILLES DU MAINE","IGP, VIANDES DE VOLAILLES FRAICHES CONGELEES OU SURGELEES",NA,NA,NA,NA,"poultry","meat"
"A539","VOLAILLES DU LAURAGAIS","IGP, VIANDES DE VOLAILLES FRAICHES CONGELEES OU SURGELEES",NA,NA,NA,NA,"poultry","meat"
"A538","VOLAILLES DU LANGUEDOC","IGP, VIANDES DE VOLAILLES FRAICHES CONGELEES OU SURGELEES",NA,NA,NA,NA,"poultry","meat"
"A558","VOLAILLES DU GERS","IGP, VIANDES DE VOLAILLES FRAICHES CONGELEES OU SURGELEES",NA,NA,NA,NA,"poultry","meat"
"A537","VOLAILLES DU GATINAIS","IGP, VIANDES DE VOLAILLES FRAICHES CONGELEES OU SURGELEES",NA,NA,NA,NA,"poultry","meat"
"A551","VOLAILLES DU FOREZ","IGP, VIANDES DE VOLAILLES FRAICHES CONGELEES OU SURGELEES",NA,NA,NA,NA,"poultry","meat"
"A550","VOLAILLES DU CHAROLAIS","IGP, VIANDES DE VOLAILLES FRAICHES CONGELEES OU SURGELEES",NA,NA,NA,NA,"poultry","meat"
"A536","VOLAILLES DU BERRY","IGP, VIANDES DE VOLAILLES FRAICHES CONGELEES OU SURGELEES",NA,NA,NA,NA,"poultry","meat"
"A534","VOLAILLES DES LANDES","IGP, VIANDES DE VOLAILLES FRAICHES CONGELEES OU SURGELEES",NA,NA,NA,NA,"poultry","meat"
"A533","VOLAILLES DE VENDEE","IGP, VIANDES DE VOLAILLES FRAICHES CONGELEES OU SURGELEES",NA,NA,NA,NA,"poultry","meat"
"A549","VOLAILLES DE NORMANDIE","IGP, VIANDES DE VOLAILLES FRAICHES CONGELEES OU SURGELEES",NA,NA,NA,NA,"poultry","meat"
"A532","VOLAILLES DE LOUE","IGP, VIANDES DE VOLAILLES FRAICHES CONGELEES OU SURGELEES",NA,NA,NA,NA,"poultry","meat"
"A530","VOLAILLES DE LICQUES","IGP, VIANDES DE VOLAILLES FRAICHES CONGELEES OU SURGELEES",NA,NA,NA,NA,"poultry","meat"
"A529","VOLAILLES DE LA DROME","IGP, VIANDES DE VOLAILLES FRAICHES CONGELEES OU SURGELEES",NA,NA,NA,NA,"poultry","meat"
"A528","VOLAILLES DE LA CHAMPAGNE","IGP, VIANDES DE VOLAILLES FRAICHES CONGELEES OU SURGELEES",NA,NA,NA,NA,"poultry","meat"
"A531","VOLAILLES DE L ORLEANAIS","IGP, VIANDES DE VOLAILLES FRAICHES CONGELEES OU SURGELEES",NA,NA,NA,NA,"poultry","meat"
"A552","VOLAILLES DE L AIN","IGP, VIANDES DE VOLAILLES FRAICHES CONGELEES OU SURGELEES",NA,NA,NA,NA,"poultry","meat"
"A527","VOLAILLES DE JANZE","IGP, VIANDES DE VOLAILLES FRAICHES CONGELEES OU SURGELEES",NA,NA,NA,NA,"poultry","meat"
"A525","VOLAILLES DE GASCOGNE","IGP, VIANDES DE VOLAILLES FRAICHES CONGELEES OU SURGELEES",NA,NA,NA,NA,"poultry","meat"
"A523","VOLAILLES DE CHALLANS","IGP, VIANDES DE VOLAILLES FRAICHES CONGELEES OU SURGELEES",NA,NA,NA,NA,"poultry","meat"
"A522","VOLAILLES DE BRETAGNE","IGP, VIANDES DE VOLAILLES FRAICHES CONGELEES OU SURGELEES",NA,NA,NA,NA,"poultry","meat"
"A548","VOLAILLES DE BOURGOGNE","IGP, VIANDES DE VOLAILLES FRAICHES CONGELEES OU SURGELEES",NA,NA,NA,NA,"poultry","meat"
"A521","VOLAILLES D AUVERGNE","IGP, VIANDES DE VOLAILLES FRAICHES CONGELEES OU SURGELEES",NA,NA,NA,NA,"poultry","meat"
"A520","VOLAILLES D ANCENIS","IGP, VIANDES DE VOLAILLES FRAICHES CONGELEES OU SURGELEES",NA,NA,NA,NA,"poultry","meat"
"A519","VOLAILLES D ALSACE","IGP, VIANDES DE VOLAILLES FRAICHES CONGELEES OU SURGELEES",NA,NA,NA,NA,"poultry","meat"
"A246","VIRECLESSE","AOP & AOC, VINS",NA,NA,NA,NA,NA,NA
"A1130","VINSOBRES","AOP & AOC, VINS",NA,NA,NA,NA,NA,NA
"A235","VIN DE SAVOIE OU SAVOIE","AOP & AOC, VINS",NA,NA,NA,NA,NA,NA
"A300","VIN DE CORSE OU CORSE","AOP & AOC, VINS",NA,NA,NA,NA,NA,NA
"A1008","VICOMTE D AUMELAS","IGP, VINS",NA,NA,NA,NA,NA,NA
"LA2088","VIANDES FRAICHES OU SURGELEES ET ABATS FRAIS DE PORC FERMIER","LR, VIANDES DE BOUCHERIE ET PRODUITS D ABATTAGE",NA,NA,NA,NA,"swine","meat"
"LA3106","VIANDES FRAICHES OU SURGELEES ET ABATS FRAIS DE PORC","LR, VIANDES DE BOUCHERIE ET PRODUITS D ABATTAGE",NA,NA,NA,NA,"swine","meat"
"LA1606","VIANDES FRAICHES ET SURGELEES PREPARATIONS DERIVEES ET ABATS FRAIS DE PORC","LR, VIANDES DE BOUCHERIE ET PRODUITS D ABATTAGE",NA,NA,NA,NA,"swine","meat"
"LA3506","VIANDES FRAICHES ET SURGELEES PREPARATIONS DERIVEES ET ABATS FRAIS DE PORC","LR, VIANDES DE BOUCHERIE ET PRODUITS D ABATTAGE",NA,NA,NA,NA,"swine","meat"
"LA1698","VIANDES FRAICHES DE PORC","LR, VIANDES DE BOUCHERIE ET PRODUITS D ABATTAGE",NA,NA,NA,NA,"swine","meat"
"LA0205","VIANDES ET ABATS FRAIS OU SURGELES DE PORC","LR, VIANDES DE BOUCHERIE ET PRODUITS D ABATTAGE",NA,NA,NA,NA,"swine","meat"
"LA0891","VIANDES ET ABATS FRAIS DE PORC FERMIER ELEVE EN PLEIN AIR","LR, VIANDES DE BOUCHERIE ET PRODUITS D ABATTAGE",NA,NA,NA,NA,"swine","meat"
"LA1988","VIANDES ET ABATS FRAIS DE PORC FERMIER ELEVE EN PLEIN AIR","LR, VIANDES DE BOUCHERIE ET PRODUITS D ABATTAGE",NA,NA,NA,NA,"swine","meat"
"LA0489","VIANDES ET ABATS FRAIS DE PORC","LR, VIANDES DE BOUCHERIE ET PRODUITS D ABATTAGE",NA,NA,NA,NA,"swine","meat"
"LA1706","VIANDES ET ABATS DE PORC FRAIS ET SURGELES","LR, VIANDES DE BOUCHERIE ET PRODUITS D ABATTAGE",NA,NA,NA,NA,"swine","meat"
"LA1790","VIANDES ET ABATS DE PORC FRAIS ET SURGELES","LR, VIANDES DE BOUCHERIE ET PRODUITS D ABATTAGE",NA,NA,NA,NA,"swine","meat"
"LA0989","VIANDES ET ABATS DE PORC FERMIER ELEVE EN PLEIN AIR FRAIS ET SURGELES","LR, VIANDES DE BOUCHERIE ET PRODUITS D ABATTAGE",NA,NA,NA,NA,"swine","meat"
"LA0589","VIANDES ABATS ET PREPARATIONS DERIVEES DE VIANDE FRAIS OU SURGELES DE PORC FERMIER","LR, VIANDES DE BOUCHERIE ET PRODUITS D ABATTAGE",NA,NA,NA,NA,"swine","meat"
"LA0112","VIANDE FRAICHE OU SURGELEE D AGNEAU DE PLUS DE 14 KG DE CARCASSE NOURRI PAR TETEE AU PIS AU MOINS 60 JOURS","LR, VIANDES DE BOUCHERIE ET PRODUITS D ABATTAGE",NA,NA,NA,NA,"sheep","meat"
"LA1793","VIANDE FRAICHE ET SURGELEE ET ABATS FRAIS D AGNEAU DE PLUS DE 14 KG CARCASSE NOURRI PAR TETEE AU PIS AU MOINS 60 JOURS","LR, VIANDES DE BOUCHERIE ET PRODUITS D ABATTAGE",NA,NA,NA,NA,"sheep","meat"
"LA2288","VIANDE FRAICHE ET SURGELEE DE GROS BOVINS DE RACE LIMOUSINE","LR, VIANDES DE BOUCHERIE ET PRODUITS D ABATTAGE",NA,NA,NA,NA,"cattle","meat"
"LA0585","VIANDE FRAICHE ET SURGELEE D AGNEAU DE PLUS DE 13 KG DE CARCASSE NOURRI PAR TETEE AU PIS AU MOINS 60 JOURS","LR, VIANDES DE BOUCHERIE ET PRODUITS D ABATTAGE",NA,NA,NA,NA,"sheep","meat"
"LA0995","VIANDE FRAICHE ET SURGELEE D AGNEAU DE PLUS DE 13 KG DE CARCASSE NOURRI PAR TETEE AU PIS AU MOINS 60 JOURS","LR, VIANDES DE BOUCHERIE ET PRODUITS D ABATTAGE",NA,NA,NA,NA,"sheep","meat"
"LA0813","VIANDE FRAICHE DE VEAU NOURRI PAR TETEE AU PIS POUVANT RECEVOIR UNE ALIMENTATION COMPLEMENTAIRE SOLIDE","LR, VIANDES DE BOUCHERIE ET PRODUITS D ABATTAGE",NA,NA,NA,NA,"cattle","meat"
"LA0381","VIANDE FRAICHE DE VEAU NOURRI PAR TETEE AU PIS POUVANT RECEVOIR UN ALIMENT COMPLEMENTAIRE LIQUIDE","LR, VIANDES DE BOUCHERIE ET PRODUITS D ABATTAGE",NA,NA,NA,NA,"cattle","meat"
"LA2092","VIANDE FRAICHE DE VEAU NOURRI PAR TETEE AU PIS POUVANT RECEVOIR UN ALIMENT COMPLEMENTAIRE LIQUIDE","LR, VIANDES DE BOUCHERIE ET PRODUITS D ABATTAGE",NA,NA,NA,NA,"cattle","meat"
"LA2289","VIANDE FRAICHE DE VEAU NOURRI AU LAIT ENTIER","LR, VIANDES DE BOUCHERIE ET PRODUITS D ABATTAGE",NA,NA,NA,NA,"cattle","meat"
"LA3099","VIANDE FRAICHE DE VEAU NOURRI AU LAIT ENTIER","LR, VIANDES DE BOUCHERIE ET PRODUITS D ABATTAGE",NA,NA,NA,NA,"cattle","meat"
"LA0386","VIANDE FRAICHE DE GROS BOVINS FERMIERS","LR, VIANDES DE BOUCHERIE ET PRODUITS D ABATTAGE",NA,NA,NA,NA,"cattle","meat"
"LA1693","VIANDE FRAICHE DE GROS BOVINS FERMIERS","LR, VIANDES DE BOUCHERIE ET PRODUITS D ABATTAGE",NA,NA,NA,NA,"cattle","meat"
"LA2605","VIANDE FRAICHE DE GROS BOVINS DE RACE PARTHENAISE","LR, VIANDES DE BOUCHERIE ET PRODUITS D ABATTAGE",NA,NA,NA,NA,"cattle","meat"
"LA0511","VIANDE FRAICHE DE GROS BOVINS DE RACE BLONDE D AQUITAINE","LR, VIANDES DE BOUCHERIE ET PRODUITS D ABATTAGE",NA,NA,NA,NA,"cattle","meat"
"LA0294","VIANDE FRAICHE DE GROS BOVINS DE BOUCHERIE","LR, VIANDES DE BOUCHERIE ET PRODUITS D ABATTAGE",NA,NA,NA,NA,"cattle","meat"
"LA1297","VIANDE FRAICHE DE GROS BOVINS DE BOUCHERIE","LR, VIANDES DE BOUCHERIE ET PRODUITS D ABATTAGE",NA,NA,NA,NA,"cattle","meat"
"LA1699","VIANDE FRAICHE D AGNEAU NOURRI ESSENTIELLEMENT AU LAIT MATERNEL PAR TETEE AU PIS NON SEVRE POUVANT RECEVOIR UNE COMPLEMENTATION PAR UN ALIMENT CONCENTRE","LR, VIANDES DE BOUCHERIE ET PRODUITS D ABATTAGE",NA,NA,NA,NA,"sheep","meat"
"LA0295","VIANDE FRAICHE D AGNEAU DE PLUS DE 15 KG DE CARCASSE NOURRI PAR TETEE AU PIS AU MOINS 60 JOURS","LR, VIANDES DE BOUCHERIE ET PRODUITS D ABATTAGE",NA,NA,NA,NA,"sheep","meat"
"LA0199","VIANDE ET ABATS FRAIS ET SURGELES DE GROS BOVINS FERMIERS DE RACE AUBRAC","LR, VIANDES DE BOUCHERIE ET PRODUITS D ABATTAGE",NA,NA,NA,NA,"cattle","meat"
"LA0804","VIANDE ET ABATS FRAIS ET SURGELES DE GROS BOVINS DE RACE SALERS","LR, VIANDES DE BOUCHERIE ET PRODUITS D ABATTAGE",NA,NA,NA,NA,"cattle","meat"
"LA1897","VIANDE ET ABATS FRAIS ET SURGELES DE GROS BOVINS DE RACE GASCONNE","LR, VIANDES DE BOUCHERIE ET PRODUITS D ABATTAGE",NA,NA,NA,NA,"cattle","meat"
"LA0274","VIANDE ET ABATS FRAIS ET SURGELES DE GROS BOVINS DE RACE CHAROLAISE","LR, VIANDES DE BOUCHERIE ET PRODUITS D ABATTAGE",NA,NA,NA,NA,"cattle","meat"
"LA1189","VIANDE ET ABATS FRAIS ET SURGELES DE GROS BOVINS DE RACE CHAROLAISE","LR, VIANDES DE BOUCHERIE ET PRODUITS D ABATTAGE",NA,NA,NA,NA,"cattle","meat"
"LA0902","VIANDE ET ABATS FRAIS ET SURGELES DE GROS BOVINS DE RACE BLONDE D AQUITAINE","LR, VIANDES DE BOUCHERIE ET PRODUITS D ABATTAGE",NA,NA,NA,NA,"cattle","meat"
"LA1791","VIANDE ET ABATS FRAIS ET SURGELES DE GROS BOVINS DE RACE BLONDE D AQUITAINE","LR, VIANDES DE BOUCHERIE ET PRODUITS D ABATTAGE",NA,NA,NA,NA,"cattle","meat"
"LA1108","VIANDE ET ABATS FRAIS ET SURGELES D AGNEAU NOURRI EXCLUSIVEMENT AU LAIT MATERNEL","LR, VIANDES DE BOUCHERIE ET PRODUITS D ABATTAGE",NA,NA,NA,NA,"sheep","meat"
"LA1992","VIANDE ET ABATS FRAIS ET SURGELES D AGNEAU NOURRI EXCLUSIVEMENT AU LAIT MATERNEL","LR, VIANDES DE BOUCHERIE ET PRODUITS D ABATTAGE",NA,NA,NA,NA,"sheep","meat"
"LA0394","VIANDE ET ABATS FRAIS ET SURGELES D AGNEAU DE PLUS DE 15 KG DE CARCASSE NOURRI PAR TETEE AU PIS AU MOINS 60 JOURS","LR, VIANDES DE BOUCHERIE ET PRODUITS D ABATTAGE",NA,NA,NA,NA,"sheep","meat"
"LA3190","VIANDE ET ABATS FRAIS ET SURGELES D AGNEAU DE PLUS DE 14 KG DE CARCASSE NOURRI PAR TETEE AU PIS AU MOINS 60 JOURS","LR, VIANDES DE BOUCHERIE ET PRODUITS D ABATTAGE",NA,NA,NA,NA,"sheep","meat"
"LA0707","VIANDE ET ABATS FRAIS ET SURGELES D AGNEAU DE 13 A 22 KG DE CARCASSE NOURRI PAR TETEE AU PIS AU MOINS 70 JOURS OU JUSQU A ABATTAGE SI ABATTU ENTRE 60 ET 69 JOURS","LR, VIANDES DE BOUCHERIE ET PRODUITS D ABATTAGE",NA,NA,NA,NA,"sheep","meat"
"LA0507","VIANDE ET ABATS FRAIS ET SURGELEES D AGNEAU DE 14 A 22 KG DE CARCASSE NOURRI PAR TETEE AU PIS AU MOINS 90 JOURS OU JUSQU A ABATTAGE SI ABATTU ENTRE 70 ET 89 JOURS","LR, VIANDES DE BOUCHERIE ET PRODUITS D ABATTAGE",NA,NA,NA,NA,"sheep","meat"
"LA1204","VIANDE ET ABATS FRAIS DE PORC","LR, VIANDES DE BOUCHERIE ET PRODUITS D ABATTAGE",NA,NA,NA,NA,"swine","meat"
"LA1891","VIANDE ET ABATS FRAIS DE GROS BOVINS DE BOUCHERIE","LR, VIANDES DE BOUCHERIE ET PRODUITS D ABATTAGE",NA,NA,NA,NA,"cattle","meat"
"LA2388","VIANDE BOVINE D ANIMAUX JEUNES DE RACE LIMOUSINE","LR, VIANDES DE BOUCHERIE ET PRODUITS D ABATTAGE",NA,NA,NA,NA,"cattle","meat"
"LA0389","VIANDE ABATS ET VIANDE HACHEE FRAIS ET SURGELES DE GROS BOVINS DE RACE CHAROLAISE","LR, VIANDES DE BOUCHERIE ET PRODUITS D ABATTAGE",NA,NA,NA,NA,"cattle","meat"
"LA0415","VIANDE ABATS ET GRAS DE COCHE","LR, VIANDES DE BOUCHERIE ET PRODUITS D ABATTAGE",NA,NA,NA,NA,"swine","meat"
"A1170","VEZELAY","AOC, VINS",NA,NA,NA,NA,NA,NA
"A278","VENTOUX","AOP & AOC, VINS",NA,NA,NA,NA,NA,NA
"LA0893","VEAU FERMIER LOURD ELEVE SOUS LA MERE ET COMPLEMENTE AUX CEREALES","LR, VIANDES DE BOUCHERIE ET PRODUITS D ABATTAGE",NA,NA,NA,NA,"cattle","meat"
"A518","VEAU DU LIMOUSIN","IGP, VIANDES DE BOUCHERIE ET PRODUITS D ABATTAGE",NA,NA,NA,NA,"cattle","meat"
"A517","VEAU D AVEYRON ET DU SEGALA","IGP, VIANDES DE BOUCHERIE ET PRODUITS D ABATTAGE",NA,NA,NA,NA,"cattle","meat"
"A975","VAUCLUSE","IGP, VINS",NA,NA,NA,NA,NA,NA
"A969","VAR","IGP, VINS",NA,NA,NA,NA,NA,NA
"A1025","VALLEE DU TORGAN","IGP, VINS",NA,NA,NA,NA,NA,NA
"A991","VALLEE DU PARADIS","IGP, VINS",NA,NA,NA,NA,NA,NA
"A443","VALENCAY","AOP & AOC, FROMAGE","CODE7","Produits animaux","22","Fromage, crème, beurre de vache","goats","milk"
"A564","VALENCAY","AOP & AOC, VINS",NA,NA,NA,NA,NA,NA
"A865","VAL DE LOIRE","IGP, VINS",NA,NA,NA,NA,NA,NA
"A288","VACQUEYRAS","AOP & AOC, VINS",NA,NA,NA,NA,NA,NA
"A935","URFE","IGP, VINS",NA,NA,NA,NA,NA,NA
"A1020","TURSAN","AOP & AOC, VINS",NA,NA,NA,NA,NA,NA
"A123","TOURAINE NOBLE JOUE","AOP & AOC, VINS",NA,NA,NA,NA,NA,NA
"A113","TOURAINE","AOP & AOC, VINS",NA,NA,NA,NA,NA,NA
"A516","TOMME DES PYRENEES","IGP, FROMAGE","CODE7","Produits animaux","22","Fromage, crème, beurre de vache","cattle;sheep;goat","milk"
"A515","TOMME DE SAVOIE","IGP, FROMAGE","CODE7","Produits animaux","22","Fromage, crème, beurre de vache","cattle","milk"
"A476","TOME DES BAUGES","AOP & AOC, FROMAGE","CODE7","Produits animaux","22","Fromage, crème, beurre de vache","cattle","milk"
"A1156","THYM DE PROVENCE","IGP, CONDIMENTS ASSAISONNEMENTS HERBES ET PIMENTS",NA,NA,NA,NA,NA,NA
"A942","THEZACPERRICARD","IGP, VINS",NA,NA,NA,NA,NA,NA
"A1042","TERRASSES DU LARZAC","AOP & AOC, VINS",NA,NA,NA,NA,NA,NA
"A287","TAVEL","AOP & AOC, VINS",NA,NA,NA,NA,NA,NA
"A456","TAUREAU DE CAMARGUE","AOP & AOC, VIANDES DE BOUCHERIE ET PRODUITS D ABATTAGE",NA,NA,NA,NA,"cattle","meat"
"A1046","SOUMAINTRAIN","IGP, FROMAGE","CODE7","Produits animaux","22","Fromage, crème, beurre de vache","cattle","milk"
"A436","SELLESSURCHER","AOP & AOC, FROMAGE","CODE7","Produits animaux","22","Fromage, crème, beurre de vache","goats","milk"
"A670","SEL DE GUERANDE OU FLEUR DE SEL DE GUERANDE","IGP, CONDIMENTS ASSAISONNEMENTS HERBES ET PIMENTS",NA,NA,NA,NA,NA,NA
"A231","SAVIGNYLESBEAUNE","AOP & AOC, VINS",NA,NA,NA,NA,NA,NA
"A1034","SAVENNIERES ROCHE AUX MOINES","AOP & AOC, VINS",NA,NA,NA,NA,NA,NA
"A112","SAVENNIERES","AOP & AOC, VINS",NA,NA,NA,NA,NA,NA
"A75","SAUTERNES","AOP & AOC, VINS",NA,NA,NA,NA,NA,NA
"A74","SAUSSIGNAC","AOP & AOC, VINS",NA,NA,NA,NA,NA,NA
"A122","SAUMURCHAMPIGNY","AOP & AOC, VINS",NA,NA,NA,NA,NA,NA
"A110","SAUMUR","AOP & AOC, VINS",NA,NA,NA,NA,NA,NA
"A648","SAUCISSON SEC D AUVERGNE OU SAUCISSE SECHE D AUVERGNE","IGP, CONSERVES ET PREPARATIONS A BASE DE VIANDE ABATS ET SANG",NA,NA,NA,NA,"swine","meat"
"A629","SAUCISSE DE MORTEAU OU JESUS DE MORTEAU","IGP, CONSERVES ET PREPARATIONS A BASE DE VIANDE ABATS ET SANG",NA,NA,NA,NA,"swine","meat"
"A805","SAUCISSE DE MONTBELIARD","IGP, CONSERVES ET PREPARATIONS A BASE DE VIANDE ABATS ET SANG",NA,NA,NA,NA,"swine","meat"
"LA0516","SAPIN DE NOEL COUPE","LR, AUTRES",NA,NA,NA,NA,NA,NA
"A960","SAONEETLOIRE","IGP, VINS",NA,NA,NA,NA,NA,NA
"A230","SANTENAY","AOP & AOC, VINS",NA,NA,NA,NA,NA,NA
"A109","SANCERRE","AOP & AOC, VINS",NA,NA,NA,NA,NA,NA
"A435","SALERS","AOP & AOC, FROMAGE","CODE7","Produits animaux","22","Fromage, crème, beurre de vache","cattle","milk"
"A229","SAINTVERAN","AOP & AOC, VINS",NA,NA,NA,NA,NA,NA
"A686","SAINTSARDOS","AOP & AOC, VINS",NA,NA,NA,NA,NA,NA
"A228","SAINTROMAIN","AOP & AOC, VINS",NA,NA,NA,NA,NA,NA
"A677","SAINTPOURCAIN","AOP & AOC, VINS",NA,NA,NA,NA,NA,NA
"A285","SAINTPERAY","AOP & AOC, VINS",NA,NA,NA,NA,NA,NA
"A108","SAINTNICOLASDEBOURGUEIL","AOP & AOC, VINS",NA,NA,NA,NA,NA,NA
"A433","SAINTNECTAIRE","AOP & AOC, FROMAGE","CODE7","Produits animaux","22","Fromage, crème, beurre de vache","cattle","milk"
"A741","SAINTMONT","AOP & AOC, VINS",NA,NA,NA,NA,NA,NA
"A669","SAINTMARCELLIN","IGP, FROMAGE","CODE7","Produits animaux","22","Fromage, crème, beurre de vache","cattle","milk"
"A71","SAINTJULIEN","AOP & AOC, VINS",NA,NA,NA,NA,NA,NA
"A284","SAINTJOSEPH","AOP & AOC, VINS",NA,NA,NA,NA,NA,NA
"A1003","SAINTGUILHEMLEDESERT","IGP, VINS",NA,NA,NA,NA,NA,NA
"A70","SAINTGEORGESSAINTEMILION","AOP & AOC, VINS",NA,NA,NA,NA,NA,NA
"A69","SAINTESTEPHE","AOP & AOC, VINS",NA,NA,NA,NA,NA,NA
"A68","SAINTEMILION GRAND CRU","AOP & AOC, VINS",NA,NA,NA,NA,NA,NA
"A67","SAINTEMILION","AOP & AOC, VINS",NA,NA,NA,NA,NA,NA
"A434","SAINTEMAURE DE TOURAINE","AOP & AOC, FROMAGE","CODE7","Produits animaux","22","Fromage, crème, beurre de vache","goats","milk"
"A897","SAINTEMARIELABLANCHE","IGP, VINS",NA,NA,NA,NA,NA,NA
"A72","SAINTECROIXDUMONT","AOP & AOC, VINS",NA,NA,NA,NA,NA,NA
"A478","SAINTBRIS","AOP & AOC, VINS",NA,NA,NA,NA,NA,NA
"A227","SAINTAUBIN","AOP & AOC, VINS",NA,NA,NA,NA,NA,NA
"A226","SAINTAMOUR","AOP & AOC, VINS",NA,NA,NA,NA,NA,NA
"A1022","SABLE DE CAMARGUE","IGP, VINS",NA,NA,NA,NA,NA,NA
"A225","RULLY","AOP & AOC, VINS",NA,NA,NA,NA,NA,NA
"A224","RUCHOTTESCHAMBERTIN","AOP & AOC, VINS",NA,NA,NA,NA,NA,NA
"A675","ROUSSETTE DU BUGEY","AOP & AOC, VINS",NA,NA,NA,NA,NA,NA
"A66","ROSETTE","AOP & AOC, VINS",NA,NA,NA,NA,NA,NA
"A1163","ROSEE DES PYRENEES CATALANES","IGP, VIANDES DE BOUCHERIE ET PRODUITS D ABATTAGE",NA,NA,NA,NA,"cattle","meat"
"A7","ROSE DES RICEYS","AOP & AOC, VINS",NA,NA,NA,NA,NA,NA
"A107","ROSE DE LOIRE","AOP & AOC, VINS",NA,NA,NA,NA,NA,NA
"A106","ROSE D ANJOU","AOP & AOC, VINS",NA,NA,NA,NA,NA,NA
"A432","ROQUEFORT","AOP & AOC, FROMAGE","CODE7","Produits animaux","22","Fromage, crème, beurre de vache","sheep","milk"
"A223","ROMANEESAINTVIVANT","AOP & AOC, VINS",NA,NA,NA,NA,NA,NA
"A222","ROMANEECONTI","AOP & AOC, VINS",NA,NA,NA,NA,NA,NA
"A431","ROCAMADOUR","AOP & AOC, FROMAGE","CODE7","Produits animaux","22","Fromage, crème, beurre de vache","goats","milk"
"A514","RIZ DE CAMARGUE","IGP, RIZ","CODE3","Produits végétaux","120","Riz","cereal","crop"
"A314","RIVESALTES","AOP & AOC, VINS",NA,NA,NA,NA,NA,NA
"A810","RILLETTES DE TOURS","IGP, CONSERVES ET PREPARATIONS A BASE DE VIANDE ABATS ET SANG",NA,NA,NA,NA,"swine","meat"
"A666","RIGOTTE DE CONDRIEU","AOP & AOC, FROMAGE","CODE7","Produits animaux","22","Fromage, crème, beurre de vache","goats","milk"
"A221","RICHEBOURG","AOP & AOC, VINS",NA,NA,NA,NA,NA,NA
"A105","REUILLY","AOP & AOC, VINS",NA,NA,NA,NA,NA,NA
"LA1098","REINECLAUDE","LR, FRUITS A PEPIN ET A NOYAU",NA,NA,NA,NA,NA,"fruits"
"A220","REGNIE","AOP & AOC, VINS",NA,NA,NA,NA,NA,NA
"A430","REBLOCHON OU REBLOCHON DE SAVOIE","AOP & AOC, FROMAGE","CODE7","Produits animaux","22","Fromage, crème, beurre de vache","cattle","milk"
"A1148","RATAFIA DE CHAMPAGNE OU RATAFIA CHAMPENOIS","IG, EAUXDEVIE ET AUTRES ALCOOLS",NA,NA,NA,NA,NA,NA
"A313","RASTEAU","AOP & AOC, VINS",NA,NA,NA,NA,NA,NA
"A763","RACLETTE DE SAVOIE","IGP, FROMAGE","CODE7","Produits animaux","22","Fromage, crème, beurre de vache","cattle","milk"
"A104","QUINCY","AOP & AOC, VINS",NA,NA,NA,NA,NA,NA
"A1137","QUETSCH D ALSACE","IG, EAUXDEVIE ET AUTRES ALCOOLS",NA,NA,NA,NA,NA,NA
"A103","QUARTS DE CHAUME","AOP & AOC, VINS",NA,NA,NA,NA,NA,NA
"A951","PUYDEDOME","IGP, VINS",NA,NA,NA,NA,NA,NA
"A219","PULIGNYMONTRACHET","AOP & AOC, VINS",NA,NA,NA,NA,NA,NA
"A65","PUISSEGUINSAINTEMILION","AOP & AOC, VINS",NA,NA,NA,NA,NA,NA
"A513","PRUNEAUX D AGEN","IGP, FRUITS A PEPIN ET A NOYAU",NA,NA,NA,NA,NA,"fruits"
"A665","PRESSALES DU MONTSAINTMICHEL","AOP & AOC, VIANDES DE BOUCHERIE ET PRODUITS D ABATTAGE",NA,NA,NA,NA,"sheep","meat"
"A606","PRESSALES DE LA BAIE DE SOMME","AOP & AOC, VIANDES DE BOUCHERIE ET PRODUITS D ABATTAGE",NA,NA,NA,NA,"sheep","meat"
"A64","PREMIERES COTES DE BORDEAUX","AOP & AOC, VINS",NA,NA,NA,NA,NA,NA
"A429","POULIGNYSAINTPIERRE","AOP & AOC, FROMAGE","CODE7","Produits animaux","22","Fromage, crème, beurre de vache","goats","milk"
"LA1989","POULET NOIR FERMIER ELEVE EN PLEIN AIR ENTIER ET DECOUPES SURGELE","LR, VIANDES DE VOLAILLES FRAICHES CONGELEES OU SURGELEES",NA,NA,NA,NA,"poultry","meat"
"LA0106","POULET NOIR FERMIER ELEVE EN PLEIN AIR ENTIER ET DECOUPES FRAIS OU SURGELE","LR, VIANDES DE VOLAILLES FRAICHES CONGELEES OU SURGELEES",NA,NA,NA,NA,"poultry","meat"
"LA0115","POULET NOIR FERMIER ELEVE EN PLEIN AIR ENTIER ET DECOUPES FRAIS OU SURGELE","LR, VIANDES DE VOLAILLES FRAICHES CONGELEES OU SURGELEES",NA,NA,NA,NA,"poultry","meat"
"LA0118","POULET NOIR FERMIER ELEVE EN PLEIN AIR ENTIER ET DECOUPES FRAIS OU SURGELE","LR, VIANDES DE VOLAILLES FRAICHES CONGELEES OU SURGELEES",NA,NA,NA,NA,"poultry","meat"
"LA0279","POULET NOIR FERMIER ELEVE EN PLEIN AIR ENTIER ET DECOUPES FRAIS OU SURGELE","LR, VIANDES DE VOLAILLES FRAICHES CONGELEES OU SURGELEES",NA,NA,NA,NA,"poultry","meat"
"LA0383","POULET NOIR FERMIER ELEVE EN PLEIN AIR ENTIER ET DECOUPES FRAIS OU SURGELE","LR, VIANDES DE VOLAILLES FRAICHES CONGELEES OU SURGELEES",NA,NA,NA,NA,"poultry","meat"
"LA0390","POULET NOIR FERMIER ELEVE EN PLEIN AIR ENTIER ET DECOUPES FRAIS OU SURGELE","LR, VIANDES DE VOLAILLES FRAICHES CONGELEES OU SURGELEES",NA,NA,NA,NA,"poultry","meat"
"LA0598","POULET NOIR FERMIER ELEVE EN PLEIN AIR ENTIER ET DECOUPES FRAIS OU SURGELE","LR, VIANDES DE VOLAILLES FRAICHES CONGELEES OU SURGELEES",NA,NA,NA,NA,"poultry","meat"
"LA0771","POULET NOIR FERMIER ELEVE EN PLEIN AIR ENTIER ET DECOUPES FRAIS OU SURGELE","LR, VIANDES DE VOLAILLES FRAICHES CONGELEES OU SURGELEES",NA,NA,NA,NA,"poultry","meat"
"LA0885","POULET NOIR FERMIER ELEVE EN PLEIN AIR ENTIER ET DECOUPES FRAIS OU SURGELE","LR, VIANDES DE VOLAILLES FRAICHES CONGELEES OU SURGELEES",NA,NA,NA,NA,"poultry","meat"
"LA1889","POULET NOIR FERMIER ELEVE EN PLEIN AIR ENTIER ET DECOUPES FRAIS OU SURGELE","LR, VIANDES DE VOLAILLES FRAICHES CONGELEES OU SURGELEES",NA,NA,NA,NA,"poultry","meat"
"LA1893","POULET NOIR FERMIER ELEVE EN PLEIN AIR ENTIER ET DECOUPES FRAIS OU SURGELE","LR, VIANDES DE VOLAILLES FRAICHES CONGELEES OU SURGELEES",NA,NA,NA,NA,"poultry","meat"
"LA2598","POULET NOIR FERMIER ELEVE EN PLEIN AIR ENTIER ET DECOUPES FRAIS OU SURGELE","LR, VIANDES DE VOLAILLES FRAICHES CONGELEES OU SURGELEES",NA,NA,NA,NA,"poultry","meat"
"LA0275","POULET NOIR FERMIER ELEVE EN PLEIN AIR ENTIER ET DECOUPES FRAIS","LR, VIANDES DE VOLAILLES FRAICHES CONGELEES OU SURGELEES",NA,NA,NA,NA,"poultry","meat"
"LA0197","POULET NOIR FERMIER ELEVE EN PLEIN AIR","LR, VIANDES DE VOLAILLES FRAICHES CONGELEES OU SURGELEES",NA,NA,NA,NA,"poultry","meat"
"LA0569","POULET NOIR FERMIER ELEVE EN PLEIN AIR","LR, VIANDES DE VOLAILLES FRAICHES CONGELEES OU SURGELEES",NA,NA,NA,NA,"poultry","meat"
"LA1214","POULET NOIR FERMIER ELEVE EN PLEIN AIR","LR, VIANDES DE VOLAILLES FRAICHES CONGELEES OU SURGELEES",NA,NA,NA,NA,"poultry","meat"
"LA2306","POULET NOIR FERMIER ELEVE EN PLEIN AIR","LR, VIANDES DE VOLAILLES FRAICHES CONGELEES OU SURGELEES",NA,NA,NA,NA,"poultry","meat"
"LA0179","POULET NOIR FERMIER ELEVE EN LIBERTE ENTIER ET DECOUPES FRAIS OU SURGELE","LR, VIANDES DE VOLAILLES FRAICHES CONGELEES OU SURGELEES",NA,NA,NA,NA,"poultry","meat"
"LA1377","POULET NOIR FERMIER ELEVE EN LIBERTE ENTIER ET DECOUPES FRAIS OU SURGELE","LR, VIANDES DE VOLAILLES FRAICHES CONGELEES OU SURGELEES",NA,NA,NA,NA,"poultry","meat"
"LA0178","POULET JAUNE FERMIER ELEVE EN PLEIN AIR ENTIER ET DECOUPES FRAIS OU SURGELE","LR, VIANDES DE VOLAILLES FRAICHES CONGELEES OU SURGELEES",NA,NA,NA,NA,"poultry","meat"
"LA0181","POULET JAUNE FERMIER ELEVE EN PLEIN AIR ENTIER ET DECOUPES FRAIS OU SURGELE","LR, VIANDES DE VOLAILLES FRAICHES CONGELEES OU SURGELEES",NA,NA,NA,NA,"poultry","meat"
"LA0286","POULET JAUNE FERMIER ELEVE EN PLEIN AIR ENTIER ET DECOUPES FRAIS OU SURGELE","LR, VIANDES DE VOLAILLES FRAICHES CONGELEES OU SURGELEES",NA,NA,NA,NA,"poultry","meat"
"LA0291","POULET JAUNE FERMIER ELEVE EN PLEIN AIR ENTIER ET DECOUPES FRAIS OU SURGELE","LR, VIANDES DE VOLAILLES FRAICHES CONGELEES OU SURGELEES",NA,NA,NA,NA,"poultry","meat"
"LA0300","POULET JAUNE FERMIER ELEVE EN PLEIN AIR ENTIER ET DECOUPES FRAIS OU SURGELE","LR, VIANDES DE VOLAILLES FRAICHES CONGELEES OU SURGELEES",NA,NA,NA,NA,"poultry","meat"
"LA0317","POULET JAUNE FERMIER ELEVE EN PLEIN AIR ENTIER ET DECOUPES FRAIS OU SURGELE","LR, VIANDES DE VOLAILLES FRAICHES CONGELEES OU SURGELEES",NA,NA,NA,NA,"poultry","meat"
"LA0393","POULET JAUNE FERMIER ELEVE EN PLEIN AIR ENTIER ET DECOUPES FRAIS OU SURGELE","LR, VIANDES DE VOLAILLES FRAICHES CONGELEES OU SURGELEES",NA,NA,NA,NA,"poultry","meat"
"LA0517","POULET JAUNE FERMIER ELEVE EN PLEIN AIR ENTIER ET DECOUPES FRAIS OU SURGELE","LR, VIANDES DE VOLAILLES FRAICHES CONGELEES OU SURGELEES",NA,NA,NA,NA,"poultry","meat"
"LA0605","POULET JAUNE FERMIER ELEVE EN PLEIN AIR ENTIER ET DECOUPES FRAIS OU SURGELE","LR, VIANDES DE VOLAILLES FRAICHES CONGELEES OU SURGELEES",NA,NA,NA,NA,"poultry","meat"
"LA0688","POULET JAUNE FERMIER ELEVE EN PLEIN AIR ENTIER ET DECOUPES FRAIS OU SURGELE","LR, VIANDES DE VOLAILLES FRAICHES CONGELEES OU SURGELEES",NA,NA,NA,NA,"poultry","meat"
"LA0785","POULET JAUNE FERMIER ELEVE EN PLEIN AIR ENTIER ET DECOUPES FRAIS OU SURGELE","LR, VIANDES DE VOLAILLES FRAICHES CONGELEES OU SURGELEES",NA,NA,NA,NA,"poultry","meat"
"LA0801","POULET JAUNE FERMIER ELEVE EN PLEIN AIR ENTIER ET DECOUPES FRAIS OU SURGELE","LR, VIANDES DE VOLAILLES FRAICHES CONGELEES OU SURGELEES",NA,NA,NA,NA,"poultry","meat"
"LA1588","POULET JAUNE FERMIER ELEVE EN PLEIN AIR ENTIER ET DECOUPES FRAIS OU SURGELE","LR, VIANDES DE VOLAILLES FRAICHES CONGELEES OU SURGELEES",NA,NA,NA,NA,"poultry","meat"
"LA1801","POULET JAUNE FERMIER ELEVE EN PLEIN AIR ENTIER ET DECOUPES FRAIS OU SURGELE","LR, VIANDES DE VOLAILLES FRAICHES CONGELEES OU SURGELEES",NA,NA,NA,NA,"poultry","meat"
"LA2299","POULET JAUNE FERMIER ELEVE EN PLEIN AIR ENTIER ET DECOUPES FRAIS OU SURGELE","LR, VIANDES DE VOLAILLES FRAICHES CONGELEES OU SURGELEES",NA,NA,NA,NA,"poultry","meat"
"LA2392","POULET JAUNE FERMIER ELEVE EN PLEIN AIR ENTIER ET DECOUPES FRAIS OU SURGELE","LR, VIANDES DE VOLAILLES FRAICHES CONGELEES OU SURGELEES",NA,NA,NA,NA,"poultry","meat"
"LA2398","POULET JAUNE FERMIER ELEVE EN PLEIN AIR ENTIER ET DECOUPES FRAIS OU SURGELE","LR, VIANDES DE VOLAILLES FRAICHES CONGELEES OU SURGELEES",NA,NA,NA,NA,"poultry","meat"
"LA5088","POULET JAUNE FERMIER ELEVE EN PLEIN AIR ENTIER ET DECOUPES FRAIS OU SURGELE","LR, VIANDES DE VOLAILLES FRAICHES CONGELEES OU SURGELEES",NA,NA,NA,NA,"poultry","meat"
"LA5788","POULET JAUNE FERMIER ELEVE EN PLEIN AIR ENTIER ET DECOUPES FRAIS OU SURGELE","LR, VIANDES DE VOLAILLES FRAICHES CONGELEES OU SURGELEES",NA,NA,NA,NA,"poultry","meat"
"LA1401","POULET JAUNE FERMIER ELEVE EN PLEIN AIR ENTIER ET DECOUPES FRAIS","LR, VIANDES DE VOLAILLES FRAICHES CONGELEES OU SURGELEES",NA,NA,NA,NA,"poultry","meat"
"LA1901","POULET JAUNE FERMIER ELEVE EN PLEIN AIR ENTIER ET DECOUPES FRAIS","LR, VIANDES DE VOLAILLES FRAICHES CONGELEES OU SURGELEES",NA,NA,NA,NA,"poultry","meat"
"LA0184","POULET JAUNE FERMIER ELEVE EN PLEIN AIR","LR, VIANDES DE VOLAILLES FRAICHES CONGELEES OU SURGELEES",NA,NA,NA,NA,"poultry","meat"
"LA1114","POULET JAUNE FERMIER ELEVE EN PLEIN AIR","LR, VIANDES DE VOLAILLES FRAICHES CONGELEES OU SURGELEES",NA,NA,NA,NA,"poultry","meat"
"LA1487","POULET JAUNE FERMIER ELEVE EN PLEIN AIR","LR, VIANDES DE VOLAILLES FRAICHES CONGELEES OU SURGELEES",NA,NA,NA,NA,"poultry","meat"
"LA5688","POULET JAUNE FERMIER ELEVE EN PLEIN AIR","LR, VIANDES DE VOLAILLES FRAICHES CONGELEES OU SURGELEES",NA,NA,NA,NA,"poultry","meat"
"LA0165","POULET JAUNE FERMIER ELEVE EN LIBERTE ENTIER ET DECOUPES FRAIS OU SURGELE","LR, VIANDES DE VOLAILLES FRAICHES CONGELEES OU SURGELEES",NA,NA,NA,NA,"poultry","meat"
"LA0472","POULET JAUNE FERMIER ELEVE EN LIBERTE ENTIER ET DECOUPES FRAIS OU SURGELE","LR, VIANDES DE VOLAILLES FRAICHES CONGELEES OU SURGELEES",NA,NA,NA,NA,"poultry","meat"
"LA0481","POULET JAUNE FERMIER ELEVE EN LIBERTE ENTIER ET DECOUPES FRAIS OU SURGELE","LR, VIANDES DE VOLAILLES FRAICHES CONGELEES OU SURGELEES",NA,NA,NA,NA,"poultry","meat"
"LA0711","POULET JAUNE FERMIER ELEVE EN LIBERTE ENTIER ET DECOUPES FRAIS OU SURGELE","LR, VIANDES DE VOLAILLES FRAICHES CONGELEES OU SURGELEES",NA,NA,NA,NA,"poultry","meat"
"LA0512","POULET JAUNE FERMIER DE 100 JOURS ELEVE EN LIBERTE ENTIER ET DECOUPES FRAIS OU SURGELE","LR, VIANDES DE VOLAILLES FRAICHES CONGELEES OU SURGELEES",NA,NA,NA,NA,"poultry","meat"
"A835","POULET DU PERIGORD","IGP, VIANDES DE VOLAILLES FRAICHES CONGELEES OU SURGELEES",NA,NA,NA,NA,"poultry","meat"
"A642","POULET DES CEVENNES OU CHAPON DES CEVENNES","IGP, VIANDES DE VOLAILLES FRAICHES CONGELEES OU SURGELEES",NA,NA,NA,NA,"poultry","meat"
"A643","POULET DE L ARDECHE OU CHAPON DE L ARDECHE","IGP, VIANDES DE VOLAILLES FRAICHES CONGELEES OU SURGELEES",NA,NA,NA,NA,"poultry","meat"
"LA0194","POULET COU NU FERMIER ELEVE EN PLEIN AIR ENTIER ET DECOUPES FRAIS OU SURGELE","LR, VIANDES DE VOLAILLES FRAICHES CONGELEES OU SURGELEES",NA,NA,NA,NA,"poultry","meat"
"LA1490","POULET BLANC FERMIER ELEVE EN PLEIN AIR ENTIER ET DECOUPES SURGELE","LR, VIANDES DE VOLAILLES FRAICHES CONGELEES OU SURGELEES",NA,NA,NA,NA,"poultry","meat"
"LA0102","POULET BLANC FERMIER ELEVE EN PLEIN AIR ENTIER ET DECOUPES FRAIS OU SURGELE","LR, VIANDES DE VOLAILLES FRAICHES CONGELEES OU SURGELEES",NA,NA,NA,NA,"poultry","meat"
"LA0290","POULET BLANC FERMIER ELEVE EN PLEIN AIR ENTIER ET DECOUPES FRAIS OU SURGELE","LR, VIANDES DE VOLAILLES FRAICHES CONGELEES OU SURGELEES",NA,NA,NA,NA,"poultry","meat"
"LA0304","POULET BLANC FERMIER ELEVE EN PLEIN AIR ENTIER ET DECOUPES FRAIS OU SURGELE","LR, VIANDES DE VOLAILLES FRAICHES CONGELEES OU SURGELEES",NA,NA,NA,NA,"poultry","meat"
"LA0395","POULET BLANC FERMIER ELEVE EN PLEIN AIR ENTIER ET DECOUPES FRAIS OU SURGELE","LR, VIANDES DE VOLAILLES FRAICHES CONGELEES OU SURGELEES",NA,NA,NA,NA,"poultry","meat"
"LA0404","POULET BLANC FERMIER ELEVE EN PLEIN AIR ENTIER ET DECOUPES FRAIS OU SURGELE","LR, VIANDES DE VOLAILLES FRAICHES CONGELEES OU SURGELEES",NA,NA,NA,NA,"poultry","meat"
"LA0478","POULET BLANC FERMIER ELEVE EN PLEIN AIR ENTIER ET DECOUPES FRAIS OU SURGELE","LR, VIANDES DE VOLAILLES FRAICHES CONGELEES OU SURGELEES",NA,NA,NA,NA,"poultry","meat"
"LA0487","POULET BLANC FERMIER ELEVE EN PLEIN AIR ENTIER ET DECOUPES FRAIS OU SURGELE","LR, VIANDES DE VOLAILLES FRAICHES CONGELEES OU SURGELEES",NA,NA,NA,NA,"poultry","meat"
"LA0611","POULET BLANC FERMIER ELEVE EN PLEIN AIR ENTIER ET DECOUPES FRAIS OU SURGELE","LR, VIANDES DE VOLAILLES FRAICHES CONGELEES OU SURGELEES",NA,NA,NA,NA,"poultry","meat"
"LA0713","POULET BLANC FERMIER ELEVE EN PLEIN AIR ENTIER ET DECOUPES FRAIS OU SURGELE","LR, VIANDES DE VOLAILLES FRAICHES CONGELEES OU SURGELEES",NA,NA,NA,NA,"poultry","meat"
"LA0782","POULET BLANC FERMIER ELEVE EN PLEIN AIR ENTIER ET DECOUPES FRAIS OU SURGELE","LR, VIANDES DE VOLAILLES FRAICHES CONGELEES OU SURGELEES",NA,NA,NA,NA,"poultry","meat"
"LA0786","POULET BLANC FERMIER ELEVE EN PLEIN AIR ENTIER ET DECOUPES FRAIS OU SURGELE","LR, VIANDES DE VOLAILLES FRAICHES CONGELEES OU SURGELEES",NA,NA,NA,NA,"poultry","meat"
"LA0880","POULET BLANC FERMIER ELEVE EN PLEIN AIR ENTIER ET DECOUPES FRAIS OU SURGELE","LR, VIANDES DE VOLAILLES FRAICHES CONGELEES OU SURGELEES",NA,NA,NA,NA,"poultry","meat"
"LA0980","POULET BLANC FERMIER ELEVE EN PLEIN AIR ENTIER ET DECOUPES FRAIS OU SURGELE","LR, VIANDES DE VOLAILLES FRAICHES CONGELEES OU SURGELEES",NA,NA,NA,NA,"poultry","meat"
"LA0982","POULET BLANC FERMIER ELEVE EN PLEIN AIR ENTIER ET DECOUPES FRAIS OU SURGELE","LR, VIANDES DE VOLAILLES FRAICHES CONGELEES OU SURGELEES",NA,NA,NA,NA,"poultry","meat"
"LA1180","POULET BLANC FERMIER ELEVE EN PLEIN AIR ENTIER ET DECOUPES FRAIS OU SURGELE","LR, VIANDES DE VOLAILLES FRAICHES CONGELEES OU SURGELEES",NA,NA,NA,NA,"poultry","meat"
"LA1198","POULET BLANC FERMIER ELEVE EN PLEIN AIR ENTIER ET DECOUPES FRAIS OU SURGELE","LR, VIANDES DE VOLAILLES FRAICHES CONGELEES OU SURGELEES",NA,NA,NA,NA,"poultry","meat"
"LA1388","POULET BLANC FERMIER ELEVE EN PLEIN AIR ENTIER ET DECOUPES FRAIS OU SURGELE","LR, VIANDES DE VOLAILLES FRAICHES CONGELEES OU SURGELEES",NA,NA,NA,NA,"poultry","meat"
"LA1692","POULET BLANC FERMIER ELEVE EN PLEIN AIR ENTIER ET DECOUPES FRAIS OU SURGELE","LR, VIANDES DE VOLAILLES FRAICHES CONGELEES OU SURGELEES",NA,NA,NA,NA,"poultry","meat"
"LA1787","POULET BLANC FERMIER ELEVE EN PLEIN AIR ENTIER ET DECOUPES FRAIS OU SURGELE","LR, VIANDES DE VOLAILLES FRAICHES CONGELEES OU SURGELEES",NA,NA,NA,NA,"poultry","meat"
"LA0185","POULET BLANC FERMIER ELEVE EN PLEIN AIR ENTIER ET DECOUPES FRAIS","LR, VIANDES DE VOLAILLES FRAICHES CONGELEES OU SURGELEES",NA,NA,NA,NA,"poultry","meat"
"LA0282","POULET BLANC FERMIER ELEVE EN PLEIN AIR ENTIER ET DECOUPES FRAIS","LR, VIANDES DE VOLAILLES FRAICHES CONGELEES OU SURGELEES",NA,NA,NA,NA,"poultry","meat"
"LA0484","POULET BLANC FERMIER ELEVE EN PLEIN AIR ENTIER ET DECOUPES FRAIS","LR, VIANDES DE VOLAILLES FRAICHES CONGELEES OU SURGELEES",NA,NA,NA,NA,"poultry","meat"
"LA0887","POULET BLANC FERMIER ELEVE EN PLEIN AIR ENTIER ET DECOUPES FRAIS","LR, VIANDES DE VOLAILLES FRAICHES CONGELEES OU SURGELEES",NA,NA,NA,NA,"poultry","meat"
"LA2290","POULET BLANC FERMIER ELEVE EN PLEIN AIR ENTIER ET DECOUPES FRAIS","LR, VIANDES DE VOLAILLES FRAICHES CONGELEES OU SURGELEES",NA,NA,NA,NA,"poultry","meat"
"LA0293","POULET BLANC FERMIER ELEVE EN PLEIN AIR","LR, VIANDES DE VOLAILLES FRAICHES CONGELEES OU SURGELEES",NA,NA,NA,NA,"poultry","meat"
"LA0584","POULET BLANC FERMIER ELEVE EN PLEIN AIR","LR, VIANDES DE VOLAILLES FRAICHES CONGELEES OU SURGELEES",NA,NA,NA,NA,"poultry","meat"
"LA0805","POULET BLANC FERMIER ELEVE EN PLEIN AIR","LR, VIANDES DE VOLAILLES FRAICHES CONGELEES OU SURGELEES",NA,NA,NA,NA,"poultry","meat"
"LA0876","POULET BLANC FERMIER ELEVE EN PLEIN AIR","LR, VIANDES DE VOLAILLES FRAICHES CONGELEES OU SURGELEES",NA,NA,NA,NA,"poultry","meat"
"LA0271","POULET BLANC FERMIER ELEVE EN LIBERTE ENTIER ET DECOUPES FRAIS OU SURGELE","LR, VIANDES DE VOLAILLES FRAICHES CONGELEES OU SURGELEES",NA,NA,NA,NA,"poultry","meat"
"LA0811","POULET BLANC FERMIER ELEVE EN LIBERTE ENTIER ET DECOUPES FRAIS OU SURGELE","LR, VIANDES DE VOLAILLES FRAICHES CONGELEES OU SURGELEES",NA,NA,NA,NA,"poultry","meat"
"LA1266","POULET BLANC FERMIER ELEVE EN LIBERTE ENTIER ET DECOUPES FRAIS OU SURGELE","LR, VIANDES DE VOLAILLES FRAICHES CONGELEES OU SURGELEES",NA,NA,NA,NA,"poultry","meat"
"LA5288","POULET BLANC FERMIER DE 100 JOURS ELEVE EN LIBERTE ENTIER ET DECOUPES FRAIS OU SURGELE","LR, VIANDES DE VOLAILLES FRAICHES CONGELEES OU SURGELEES",NA,NA,NA,NA,"poultry","meat"
"LA1495","POULET BLANC A PATTES BLEUES FERMIER ELEVE EN PLEIN AIR ENTIER ET DECOUPES FRAIS OU SURGELE","LR, VIANDES DE VOLAILLES FRAICHES CONGELEES OU SURGELEES",NA,NA,NA,NA,"poultry","meat"
"LA3588","POULE FERMIERE ELEVEE EN LIBERTE ENTIERE ET DECOUPES FRAICHE OU SURGELEE","LR, VIANDES DE VOLAILLES FRAICHES CONGELEES OU SURGELEES",NA,NA,NA,NA,"poultry","meat"
"LA0312","POULARDE NOIRE FERMIERE ELEVEE EN PLEIN AIR ENTIERE ET DECOUPES FRAICHE OU SURGELEE","LR, VIANDES DE VOLAILLES FRAICHES CONGELEES OU SURGELEES",NA,NA,NA,NA,"poultry","meat"
"LA1092","POULARDE NOIRE FERMIERE ELEVEE EN PLEIN AIR ENTIERE ET DECOUPES FRAICHE OU SURGELEE","LR, VIANDES DE VOLAILLES FRAICHES CONGELEES OU SURGELEES",NA,NA,NA,NA,"poultry","meat"
"LA0413","POULARDE JAUNE FERMIERE ELEVEE EN PLEIN AIR ENTIERE ET DECOUPES FRAICHE OU SURGELEE","LR, VIANDES DE VOLAILLES FRAICHES CONGELEES OU SURGELEES",NA,NA,NA,NA,"poultry","meat"
"LA0610","POULARDE JAUNE FERMIERE ELEVEE EN PLEIN AIR ENTIERE ET DECOUPES FRAICHE OU SURGELEE","LR, VIANDES DE VOLAILLES FRAICHES CONGELEES OU SURGELEES",NA,NA,NA,NA,"poultry","meat"
"LA0793","POULARDE JAUNE FERMIERE ELEVEE EN PLEIN AIR ENTIERE ET DECOUPES FRAICHE OU SURGELEE","LR, VIANDES DE VOLAILLES FRAICHES CONGELEES OU SURGELEES",NA,NA,NA,NA,"poultry","meat"
"LA1302","POULARDE JAUNE FERMIERE ELEVEE EN PLEIN AIR ENTIERE ET DECOUPES FRAICHE OU SURGELEE","LR, VIANDES DE VOLAILLES FRAICHES CONGELEES OU SURGELEES",NA,NA,NA,NA,"poultry","meat"
"LA1391","POULARDE JAUNE FERMIERE ELEVEE EN PLEIN AIR ENTIERE ET DECOUPES FRAICHE OU SURGELEE","LR, VIANDES DE VOLAILLES FRAICHES CONGELEES OU SURGELEES",NA,NA,NA,NA,"poultry","meat"
"LA1492","POULARDE FERMIERE ELEVEE EN PLEIN AIR ENTIERE ET DECOUPES SURGELEE","LR, VIANDES DE VOLAILLES FRAICHES CONGELEES OU SURGELEES",NA,NA,NA,NA,"poultry","meat"
"LA1091","POULARDE FERMIERE ELEVEE EN PLEIN AIR ENTIERE ET DECOUPES FRAICHE OU SURGELEE","LR, VIANDES DE VOLAILLES FRAICHES CONGELEES OU SURGELEES",NA,NA,NA,NA,"poultry","meat"
"LA1191","POULARDE FERMIERE ELEVEE EN PLEIN AIR ENTIERE ET DECOUPES FRAICHE OU SURGELEE","LR, VIANDES DE VOLAILLES FRAICHES CONGELEES OU SURGELEES",NA,NA,NA,NA,"poultry","meat"
"LA1591","POULARDE FERMIERE ELEVEE EN PLEIN AIR ENTIERE ET DECOUPES FRAICHE OU SURGELEE","LR, VIANDES DE VOLAILLES FRAICHES CONGELEES OU SURGELEES",NA,NA,NA,NA,"poultry","meat"
"LA1392","POULARDE FERMIERE ELEVEE EN PLEIN AIR ENTIERE ET DECOUPES FRAICHE","LR, VIANDES DE VOLAILLES FRAICHES CONGELEES OU SURGELEES",NA,NA,NA,NA,"poultry","meat"
"LA2599","POULARDE FERMIERE ELEVEE EN PLEIN AIR ENTIERE ET DECOUPES FRAICHE","LR, VIANDES DE VOLAILLES FRAICHES CONGELEES OU SURGELEES",NA,NA,NA,NA,"poultry","meat"
"A1161","POULARDE DU PERIGORD","IGP, VIANDES DE VOLAILLES FRAICHES CONGELEES OU SURGELEES",NA,NA,NA,NA,"poultry","meat"
"LA1002","POULARDE BLANCHE FERMIERE ELEVEE EN PLEIN AIR ENTIERE FRAICHE OU SURGELEE","LR, VIANDES DE VOLAILLES FRAICHES CONGELEES OU SURGELEES",NA,NA,NA,NA,"poultry","meat"
"LA1094","POULARDE BLANCHE FERMIERE ELEVEE EN PLEIN AIR ENTIERE ET DECOUPES FRAICHE OU SURGELEE","LR, VIANDES DE VOLAILLES FRAICHES CONGELEES OU SURGELEES",NA,NA,NA,NA,"poultry","meat"
"LA1291","POULARDE BLANCHE FERMIERE ELEVEE EN PLEIN AIR ENTIERE ET DECOUPES FRAICHE OU SURGELEE","LR, VIANDES DE VOLAILLES FRAICHES CONGELEES OU SURGELEES",NA,NA,NA,NA,"poultry","meat"
"LA5188","POULARDE BLANCHE FERMIERE ELEVEE EN PLEIN AIR ENTIERE ET DECOUPES FRAICHE OU SURGELEE","LR, VIANDES DE VOLAILLES FRAICHES CONGELEES OU SURGELEES",NA,NA,NA,NA,"poultry","meat"
"LA2801","POULARDE BLANCHE FERMIERE ELEVEE EN PLEIN AIR ENTIERE ET DECOUPES FRAICHE","LR, VIANDES DE VOLAILLES FRAICHES CONGELEES OU SURGELEES",NA,NA,NA,NA,"poultry","meat"
"LA0704","POULARDE BLANCHE A PATTES BLEUES FERMIERE ELEVEE EN PLEIN AIR ENTIERE ET DECOUPES FRAICHE OU SURGELEE","LR, VIANDES DE VOLAILLES FRAICHES CONGELEES OU SURGELEES",NA,NA,NA,NA,"poultry","meat"
"A218","POUILLYVINZELLES","AOP & AOC, VINS",NA,NA,NA,NA,NA,NA
"A102","POUILLYSURLOIRE","AOP & AOC, VINS",NA,NA,NA,NA,NA,NA
"A217","POUILLYLOCHE","AOP & AOC, VINS",NA,NA,NA,NA,NA,NA
"A101","POUILLYFUME OU BLANC FUME DE POUILLY","AOP & AOC, VINS",NA,NA,NA,NA,NA,NA
"A216","POUILLYFUISSE","AOP & AOC, VINS",NA,NA,NA,NA,NA,NA
"A664","PORC NOIR DE BIGORRE","AOP & AOC, VIANDES DE BOUCHERIE ET PRODUITS D ABATTAGE",NA,NA,NA,NA,"swine","meat"
"A635","PORC DU SUDOUEST","IGP, VIANDES DE BOUCHERIE ET PRODUITS D ABATTAGE",NA,NA,NA,NA,"swine","meat"
"A512","PORC DU LIMOUSIN","IGP, VIANDES DE BOUCHERIE ET PRODUITS D ABATTAGE",NA,NA,NA,NA,"swine","meat"
"A511","PORC DE VENDEE","IGP, VIANDES DE BOUCHERIE ET PRODUITS D ABATTAGE",NA,NA,NA,NA,"swine","meat"
"A509","PORC DE LA SARTHE","IGP, VIANDES DE BOUCHERIE ET PRODUITS D ABATTAGE",NA,NA,NA,NA,"swine","meat"
"A653","PORC DE FRANCHECOMTE","IGP, VIANDES DE BOUCHERIE ET PRODUITS D ABATTAGE",NA,NA,NA,NA,"swine","meat"
"A613","PORC D AUVERGNE","IGP, VIANDES DE BOUCHERIE ET PRODUITS D ABATTAGE",NA,NA,NA,NA,"swine","meat"
"A428","PONTL EVEQUE","AOP & AOC, FROMAGE","CODE7","Produits animaux","22","Fromage, crème, beurre de vache","cattle","milk"
"A508","POMMES ET POIRES DE SAVOIE OU POMMES DE SAVOIE OU POIRES DE SAVOIE","IGP, FRUITS A PEPIN ET A NOYAU",NA,NA,NA,NA,NA,"fruits"
"A641","POMMES DES ALPES DE HAUTE DURANCE","IGP, FRUITS A PEPIN ET A NOYAU",NA,NA,NA,NA,NA,"fruits"
"LA0468","POMMES DE TERRE","LR, LEGUMES ET MELONS RACINES ET TUBERCULES",NA,NA,NA,NA,NA,"vegetables"
"LA0496","POMMES","LR, FRUITS A PEPIN ET A NOYAU",NA,NA,NA,NA,NA,"fruits"
"A671","POMMEAU DU MAINE","IG & AOC, EAUXDEVIE ET AUTRES ALCOOLS",NA,NA,NA,NA,NA,NA
"A332","POMMEAU DE NORMANDIE","IG & AOC, EAUXDEVIE ET AUTRES ALCOOLS",NA,NA,NA,NA,NA,NA
"A482","POMMEAU DE BRETAGNE","IG & AOC, EAUXDEVIE ET AUTRES ALCOOLS",NA,NA,NA,NA,NA,NA
"A577","POMME DU LIMOUSIN","AOP & AOC, FRUITS A PEPIN ET A NOYAU",NA,NA,NA,NA,"fruits","fruits"
"LA0218","POMME DE TERRE PRIMEUR","LR, LEGUMES ET MELONS RACINES ET TUBERCULES",NA,NA,NA,NA,NA,"vegetables"
"A464","POMME DE TERRE DE L ILE DE RE","AOP & AOC, LEGUMES ET MELONS RACINES ET TUBERCULES",NA,NA,NA,NA,"vegetables","vegetables"
"A215","POMMARD","AOP & AOC, VINS",NA,NA,NA,NA,NA,NA
"A62","POMEROL","AOP & AOC, VINS",NA,NA,NA,NA,NA,NA
"A825","POMELO DE CORSE","IGP, AGRUMES",NA,NA,NA,NA,NA,"fruits"
"LA0615","PLANTS DE ROSIER DE JARDIN","LR, AUTRES",NA,NA,NA,NA,NA,NA
"LA0816","PLANTS DE GERANIUMS","LR, AUTRES",NA,NA,NA,NA,NA,NA
"LA2198","PINTADEAU","LR, VIANDES DE VOLAILLES FRAICHES CONGELEES OU SURGELEES",NA,NA,NA,NA,"poultry","meat"
"LA0966","PINTADE JAUNE FERMIERE ELEVEE EN PLEIN AIR ENTIERE ET DECOUPES FRAICHE OU SURGELEE","LR, VIANDES DE VOLAILLES FRAICHES CONGELEES OU SURGELEES",NA,NA,NA,NA,"poultry","meat"
"LA0994","PINTADE JAUNE FERMIERE ELEVEE EN PLEIN AIR ENTIERE ET DECOUPES FRAICHE OU SURGELEE","LR, VIANDES DE VOLAILLES FRAICHES CONGELEES OU SURGELEES",NA,NA,NA,NA,"poultry","meat"
"LA0692","PINTADE FERMIERE ELEVEE EN PLEIN AIR ENTIERE ET DECOUPES SURGELEE","LR, VIANDES DE VOLAILLES FRAICHES CONGELEES OU SURGELEES",NA,NA,NA,NA,"poultry","meat"
"LA0174","PINTADE FERMIERE ELEVEE EN PLEIN AIR ENTIERE ET DECOUPES FRAICHE OU SURGELEE","LR, VIANDES DE VOLAILLES FRAICHES CONGELEES OU SURGELEES",NA,NA,NA,NA,"poultry","meat"
"LA0189","PINTADE FERMIERE ELEVEE EN PLEIN AIR ENTIERE ET DECOUPES FRAICHE OU SURGELEE","LR, VIANDES DE VOLAILLES FRAICHES CONGELEES OU SURGELEES",NA,NA,NA,NA,"poultry","meat"
"LA0284","PINTADE FERMIERE ELEVEE EN PLEIN AIR ENTIERE ET DECOUPES FRAICHE OU SURGELEE","LR, VIANDES DE VOLAILLES FRAICHES CONGELEES OU SURGELEES",NA,NA,NA,NA,"poultry","meat"
"LA0287","PINTADE FERMIERE ELEVEE EN PLEIN AIR ENTIERE ET DECOUPES FRAICHE OU SURGELEE","LR, VIANDES DE VOLAILLES FRAICHES CONGELEES OU SURGELEES",NA,NA,NA,NA,"poultry","meat"
"LA0382","PINTADE FERMIERE ELEVEE EN PLEIN AIR ENTIERE ET DECOUPES FRAICHE OU SURGELEE","LR, VIANDES DE VOLAILLES FRAICHES CONGELEES OU SURGELEES",NA,NA,NA,NA,"poultry","meat"
"LA0490","PINTADE FERMIERE ELEVEE EN PLEIN AIR ENTIERE ET DECOUPES FRAICHE OU SURGELEE","LR, VIANDES DE VOLAILLES FRAICHES CONGELEES OU SURGELEES",NA,NA,NA,NA,"poultry","meat"
"LA0693","PINTADE FERMIERE ELEVEE EN PLEIN AIR ENTIERE ET DECOUPES FRAICHE OU SURGELEE","LR, VIANDES DE VOLAILLES FRAICHES CONGELEES OU SURGELEES",NA,NA,NA,NA,"poultry","meat"
"LA0894","PINTADE FERMIERE ELEVEE EN PLEIN AIR ENTIERE ET DECOUPES FRAICHE OU SURGELEE","LR, VIANDES DE VOLAILLES FRAICHES CONGELEES OU SURGELEES",NA,NA,NA,NA,"poultry","meat"
"LA0987","PINTADE FERMIERE ELEVEE EN PLEIN AIR ENTIERE ET DECOUPES FRAICHE OU SURGELEE","LR, VIANDES DE VOLAILLES FRAICHES CONGELEES OU SURGELEES",NA,NA,NA,NA,"poultry","meat"
"LA0992","PINTADE FERMIERE ELEVEE EN PLEIN AIR ENTIERE ET DECOUPES FRAICHE OU SURGELEE","LR, VIANDES DE VOLAILLES FRAICHES CONGELEES OU SURGELEES",NA,NA,NA,NA,"poultry","meat"
"LA1077","PINTADE FERMIERE ELEVEE EN PLEIN AIR ENTIERE ET DECOUPES FRAICHE OU SURGELEE","LR, VIANDES DE VOLAILLES FRAICHES CONGELEES OU SURGELEES",NA,NA,NA,NA,"poultry","meat"
"LA2588","PINTADE FERMIERE ELEVEE EN PLEIN AIR ENTIERE ET DECOUPES FRAICHE OU SURGELEE","LR, VIANDES DE VOLAILLES FRAICHES CONGELEES OU SURGELEES",NA,NA,NA,NA,"poultry","meat"
"LA6088","PINTADE FERMIERE ELEVEE EN PLEIN AIR ENTIERE ET DECOUPES FRAICHE OU SURGELEE","LR, VIANDES DE VOLAILLES FRAICHES CONGELEES OU SURGELEES",NA,NA,NA,NA,"poultry","meat"
"LA1197","PINTADE FERMIERE ELEVEE EN PLEIN AIR ENTIERE ET DECOUPES FRAICHE","LR, VIANDES DE VOLAILLES FRAICHES CONGELEES OU SURGELEES",NA,NA,NA,NA,"poultry","meat"
"LA5988","PINTADE FERMIERE ELEVEE EN PLEIN AIR ENTIERE ET DECOUPES FRAICHE","LR, VIANDES DE VOLAILLES FRAICHES CONGELEES OU SURGELEES",NA,NA,NA,NA,"poultry","meat"
"A644","PINTADE DE L ARDECHE","IGP, VIANDES DE VOLAILLES FRAICHES CONGELEES OU SURGELEES",NA,NA,NA,NA,"poultry","meat"
"A329","PINEAU DES CHARENTES","AOP & AOC, EAUXDEVIE ET AUTRES ALCOOLS",NA,NA,NA,NA,NA,NA
"LA0416","PIMENT DOUX","LR, LEGUMES ET MELONS RACINES ET TUBERCULES",NA,NA,NA,NA,NA,"vegetables"
"A468","PIMENT D ESPELETTE OU PIMENT D ESPELETTE EZPELETAKO BIPERRA","AOP & AOC, CONDIMENTS ASSAISONNEMENTS HERBES ET PIMENTS",NA,NA,NA,NA,NA,NA
"A290","PIERREVERT","AOP & AOC, VINS",NA,NA,NA,NA,NA,NA
"A733","PICPOUL DE PINET","AOP & AOC, VINS",NA,NA,NA,NA,NA,NA
"A427","PICODON","AOP & AOC, FROMAGE","CODE7","Produits animaux","22","Fromage, crème, beurre de vache","goats","milk"
"A833","PIC SAINTLOUP","AOC, VINS",NA,NA,NA,NA,NA,NA
"A623","PETIT EPEAUTRE DE HAUTE PROVENCE","IGP, CEREALES LEGUMINEUSES ET OLEAGINEUX","CODE3","Produits végétaux","122","Autres céréales","cereal","crop"
"A214","PETIT CHABLIS","AOP & AOC, VINS",NA,NA,NA,NA,NA,NA
"A61","PESSACLEOGNAN","AOP & AOC, VINS",NA,NA,NA,NA,NA,NA
"A213","PERNANDVERGELESSES","AOP & AOC, VINS",NA,NA,NA,NA,NA,NA
"A900","PERIGORD","IGP, VINS",NA,NA,NA,NA,NA,NA
"A444","PELARDON","AOP & AOC, FROMAGE","CODE7","Produits animaux","22","Fromage, crème, beurre de vache","goats","milk"
"LA1087","PECHES ET NECTARINES","LR, FRUITS A PEPIN ET A NOYAU",NA,NA,NA,NA,NA,"fruits"
"A60","PECHARMANT","AOP & AOC, VINS",NA,NA,NA,NA,NA,NA
"A885","PAYS DES BOUCHESDURHONE","IGP, VINS",NA,NA,NA,NA,NA,NA
"A859","PAYS D OC","IGP, VINS",NA,NA,NA,NA,NA,NA
"A919","PAYS D HERAULT","IGP, VINS",NA,NA,NA,NA,NA,NA
"A1128","PAYS D AUGE","AOP & AOC, CIDRE ET AUTRES VINS DE FRUITS",NA,NA,NA,NA,NA,NA
"A59","PAUILLAC","AOP & AOC, VINS",NA,NA,NA,NA,NA,NA
"A299","PATRIMONIO","AOP & AOC, VINS",NA,NA,NA,NA,NA,NA
"A652","PATE DE CAMPAGNE BRETON","IGP, CONSERVES ET PREPARATIONS A BASE DE VIANDE ABATS ET SANG",NA,NA,NA,NA,"swine","meat"
"A298","PALETTE","AOP & AOC, VINS",NA,NA,NA,NA,NA,NA
"A49","PACHERENC DU VICBILH","AOP & AOC, VINS",NA,NA,NA,NA,NA,NA
"A426","OSSAUIRATY","AOP & AOC, FROMAGE","CODE7","Produits animaux","22","Fromage, crème, beurre de vache","sheep","milk"
"A598","ORLEANSCLERY","AOP & AOC, VINS",NA,NA,NA,NA,NA,NA
"A600","ORLEANS","AOP & AOC, VINS",NA,NA,NA,NA,NA,NA
"A448","OLIVES NOIRES DE NYONS","AOP & AOC, FRUITS OLEAGINEUX",NA,NA,NA,NA,"fruits","fruits"
"A461","OLIVES NOIRES DE LA VALLEE DES BAUXDEPROVENCE","AOP & AOC, FRUITS OLEAGINEUX",NA,NA,NA,NA,"fruits","fruits"
"A460","OLIVES CASSEES DE LA VALLEE DES BAUXDEPROVENCE","AOP & AOC, FRUITS OLEAGINEUX",NA,NA,NA,NA,"fruits","fruits"
"A597","OLIVE DE NIMES","AOP & AOC, FRUITS OLEAGINEUX",NA,NA,NA,NA,"fruits","fruits"
"A470","OLIVE DE NICE","AOP & AOC, FRUITS OLEAGINEUX",NA,NA,NA,NA,"fruits","fruits"
"A547","OIGNON DOUX DES CEVENNES","AOP & AOC, LEGUMES ET MELONS RACINES ET TUBERCULES",NA,NA,NA,NA,"vegetables","vegetables"
"A661","OIGNON DE ROSCOFF","AOP & AOC, LEGUMES ET MELONS RACINES ET TUBERCULES",NA,NA,NA,NA,"vegetables","vegetables"
"LA0784","OIE FERMIERE ELEVEE EN PLEIN AIR ENTIERE FRAICHE OU SURGELEE","LR, VIANDES DE VOLAILLES FRAICHES CONGELEES OU SURGELEES",NA,NA,NA,NA,"poultry","meat"
"LA0993","OIE FERMIERE ELEVEE EN PLEIN AIR ENTIERE FRAICHE OU SURGELEE","LR, VIANDES DE VOLAILLES FRAICHES CONGELEES OU SURGELEES",NA,NA,NA,NA,"poultry","meat"
"LA1697","OIE FERMIERE ELEVEE EN PLEIN AIR ENTIERE FRAICHE OU SURGELEE","LR, VIANDES DE VOLAILLES FRAICHES CONGELEES OU SURGELEES",NA,NA,NA,NA,"poultry","meat"
"LA2097","OIE FERMIERE ELEVEE EN PLEIN AIR ENTIERE FRAICHE OU SURGELEE","LR, VIANDES DE VOLAILLES FRAICHES CONGELEES OU SURGELEES",NA,NA,NA,NA,"poultry","meat"
"A634","OIE D ANJOU","IGP, VIANDES DE VOLAILLES FRAICHES CONGELEES OU SURGELEES",NA,NA,NA,NA,"poultry","meat"
"LA0399","OEUFS FERMIERS DE POULES ELEVEES EN PLEIN AIR","LR, VOLAILLES VIVANTES ET OEUFS",NA,NA,NA,NA,"poultry","egg"
"LA1898","OEUFS FERMIERS DE POULES ELEVEES EN PLEIN AIR","LR, VOLAILLES VIVANTES ET OEUFS",NA,NA,NA,NA,"poultry","egg"
"LA3599","OEUFS FERMIERS","LR, VOLAILLES VIVANTES ET OEUFS",NA,NA,NA,NA,"poultry","egg"
"LA0402","OEUFS DE POULES ELEVEES EN PLEIN AIR","LR, VOLAILLES VIVANTES ET OEUFS",NA,NA,NA,NA,"poultry","egg"
"LA0505","OEUFS DE POULES ELEVEES EN PLEIN AIR","LR, VOLAILLES VIVANTES ET OEUFS",NA,NA,NA,NA,"poultry","egg"
"LA0602","OEUFS DE POULES ELEVEES EN PLEIN AIR","LR, VOLAILLES VIVANTES ET OEUFS",NA,NA,NA,NA,"poultry","egg"
"LA0803","OEUFS DE POULES ELEVEES EN PLEIN AIR","LR, VOLAILLES VIVANTES ET OEUFS",NA,NA,NA,NA,"poultry","egg"
"LA0997","OEUFS DE POULES ELEVEES EN PLEIN AIR","LR, VOLAILLES VIVANTES ET OEUFS",NA,NA,NA,NA,"poultry","egg"
"LA1500","OEUFS DE POULES ELEVEES EN PLEIN AIR","LR, VOLAILLES VIVANTES ET OEUFS",NA,NA,NA,NA,"poultry","egg"
"LA2106","OEUFS DE POULES ELEVEES EN PLEIN AIR","LR, VOLAILLES VIVANTES ET OEUFS",NA,NA,NA,NA,"poultry","egg"
"LA2301","OEUFS DE POULES ELEVEES EN PLEIN AIR","LR, VOLAILLES VIVANTES ET OEUFS",NA,NA,NA,NA,"poultry","egg"
"A614","OEUFS DE LOUE","IGP, VOLAILLES VIVANTES ET OEUFS",NA,NA,NA,NA,"poultry","egg"
"A212","NUITSSAINTGEORGES","AOP & AOC, VINS",NA,NA,NA,NA,NA,NA
"A473","NOIX DU PERIGORD","AOP & AOC, AUTRES FRUITS D ARBRES OU D ARBUSTES ET FRUITS A COQUE",NA,NA,NA,NA,"fruits","fruits"
"A453","NOIX DE GRENOBLE","AOP & AOC, AUTRES FRUITS D ARBRES OU D ARBUSTES ET FRUITS A COQUE",NA,NA,NA,NA,"fruits","fruits"
"A780","NOISETTE DE CERVIONE NUCIOLA DI CERVIONI","IGP, FRUITS A PEPIN ET A NOYAU",NA,NA,NA,NA,NA,"fruits"
"A425","NEUFCHATEL","AOP & AOC, FROMAGE","CODE7","Produits animaux","22","Fromage, crème, beurre de vache","cattle","milk"
"A211","MUSIGNY","AOP & AOC, VINS",NA,NA,NA,NA,NA,NA
"A458","MUSCAT DU VENTOUX","AOP & AOC, RAISIN",NA,NA,NA,NA,"fruits","fruits"
"A312","MUSCAT DU CAP CORSE","AOP & AOC, VINS",NA,NA,NA,NA,NA,NA
"A309","MUSCAT DE LUNEL","AOP & AOC, VINS",NA,NA,NA,NA,NA,NA
"A308","MUSCAT DE BEAUMESDEVENISE","AOP & AOC, VINS",NA,NA,NA,NA,NA,NA
"A100","MUSCADET SEVRE ET MAINE","AOP & AOC, VINS",NA,NA,NA,NA,NA,NA
"A99","MUSCADET COTES DE GRANDLIEU","AOP & AOC, VINS",NA,NA,NA,NA,NA,NA
"A98","MUSCADET COTEAUX DE LA LOIRE","AOP & AOC, VINS",NA,NA,NA,NA,NA,NA
"A97","MUSCADET","AOP & AOC, VINS",NA,NA,NA,NA,NA,NA
"A424","MUNSTER","AOP & AOC, FROMAGE","CODE7","Produits animaux","22","Fromage, crème, beurre de vache","cattle","milk"
"A628","MOUTARDE DE BOURGOGNE","IGP, CONDIMENTS ASSAISONNEMENTS HERBES ET PIMENTS",NA,NA,NA,NA,NA,NA
"A57","MOULIS OU MOULISENMEDOC","AOP & AOC, VINS",NA,NA,NA,NA,NA,NA
"A210","MOULINAVENT","AOP & AOC, VINS",NA,NA,NA,NA,NA,NA
"A1014","MOULES DE BOUCHOT DE LA BAIE DU MONTSAINTMICHEL","AOP & AOC, PRODUITS DE LA PECHE ET DE L AQUACULTURE",NA,NA,NA,NA,NA,NA
"STG7784","MOULES DE BOUCHOT","STG, PRODUITS DE LA PECHE ET DE L AQUACULTURE",NA,NA,NA,NA,NA,NA
"A690","MOSELLE","AOP & AOC, VINS",NA,NA,NA,NA,NA,NA
"A209","MORGON","AOP & AOC, VINS",NA,NA,NA,NA,NA,NA
"A208","MOREYSAINTDENIS","AOP & AOC, VINS",NA,NA,NA,NA,NA,NA
"A445","MORBIER","AOP & AOC, FROMAGE","CODE7","Produits animaux","22","Fromage, crème, beurre de vache","cattle","milk"
"A56","MONTRAVEL","AOP & AOC, VINS",NA,NA,NA,NA,NA,NA
"A207","MONTRACHET","AOP & AOC, VINS",NA,NA,NA,NA,NA,NA
"A94","MONTLOUISSURLOIRE","AOP & AOC, VINS",NA,NA,NA,NA,NA,NA
"A206","MONTHELIE","AOP & AOC, VINS",NA,NA,NA,NA,NA,NA
"A205","MONTAGNY","AOP & AOC, VINS",NA,NA,NA,NA,NA,NA
"A55","MONTAGNESAINTEMILION","AOP & AOC, VINS",NA,NA,NA,NA,NA,NA
"A423","MONT D OR OU VACHERIN DU HAUTDOUBS","AOP & AOC, FROMAGE","CODE7","Produits animaux","22","Fromage, crème, beurre de vache","cattle","milk"
"A970","MONT CAUME","IGP, VINS",NA,NA,NA,NA,NA,NA
"A54","MONBAZILLAC","AOP & AOC, VINS",NA,NA,NA,NA,NA,NA
"A636","MOGETTE DE VENDEE","IGP, CEREALES LEGUMINEUSES ET OLEAGINEUX","CODE3","Produits végétaux","220","Autres légumes secs","legumes","crop"
"A505","MIRABELLES DE LORRAINE","IGP, FRUITS A PEPIN ET A NOYAU",NA,NA,NA,NA,NA,"fruits"
"A1035","MIRABELLE DE LORRAINE","IG & AOC, EAUXDEVIE ET AUTRES ALCOOLS",NA,NA,NA,NA,NA,NA
"A1135","MIRABELLE D ALSACE","IG, EAUXDEVIE ET AUTRES ALCOOLS",NA,NA,NA,NA,NA,NA
"LA0107","MINICHAPON FERMIER ELEVE EN PLEIN AIR ENTIER ET DECOUPES FRAIS OU SURGELE","LR, VIANDES DE VOLAILLES FRAICHES CONGELEES OU SURGELEES",NA,NA,NA,NA,"poultry","meat"
"LA0814","MINICHAPON FERMIER ELEVE EN PLEIN AIR ENTIER ET DECOUPES FRAIS OU SURGELE","LR, VIANDES DE VOLAILLES FRAICHES CONGELEES OU SURGELEES",NA,NA,NA,NA,"poultry","meat"
"LA1014","MINICHAPON FERMIER ELEVE EN PLEIN AIR ENTIER ET DECOUPES FRAIS ET SURGELE","LR, VIANDES DE VOLAILLES FRAICHES CONGELEES OU SURGELEES",NA,NA,NA,NA,"poultry","meat"
"LA0914","MINICHAPON BLANC FERMIER ELEVE EN PLEIN AIR ENTIER ET DECOUPES FRAIS OU SURGELE","LR, VIANDES DE VOLAILLES FRAICHES CONGELEES OU SURGELEES",NA,NA,NA,NA,"poultry","meat"
"A265","MINERVOISLA LIVINIERE","AOP & AOC, VINS",NA,NA,NA,NA,NA,NA
"A262","MINERVOIS","AOP & AOC, VINS",NA,NA,NA,NA,NA,NA
"LA1394","MIEL TOUTES FLEURS","LR, MIELS",NA,NA,NA,NA,NA,NA
"A832","MIEL DES CEVENNES","IGP, MIELS",NA,NA,NA,NA,NA,NA
"A454","MIEL DE SAPIN DES VOSGES","AOP & AOC, MIELS",NA,NA,NA,NA,NA,NA
"A587","MIEL DE PROVENCE","IGP, MIELS",NA,NA,NA,NA,NA,NA
"LA2489","MIEL DE LAVANDE ET DE LAVANDIN","LR, MIELS",NA,NA,NA,NA,NA,NA
"A463","MIEL DE CORSE MELE DI CORSICA","AOP & AOC, MIELS",NA,NA,NA,NA,NA,NA
"A579","MIEL D ALSACE","IGP, MIELS",NA,NA,NA,NA,NA,NA
"A204","MEURSAULT","AOP & AOC, VINS",NA,NA,NA,NA,NA,NA
"A203","MERCUREY","AOP & AOC, VINS",NA,NA,NA,NA,NA,NA
"A93","MENETOUSALON","AOP & AOC, VINS",NA,NA,NA,NA,NA,NA
"A571","MELON DU QUERCY","IGP, LEGUMES ET MELONS RACINES ET TUBERCULES",NA,NA,NA,NA,NA,"vegetables"
"A504","MELON DU HAUT POITOU","IGP, LEGUMES ET MELONS RACINES ET TUBERCULES",NA,NA,NA,NA,NA,"vegetables"
"LA0591","MELON","LR, LEGUMES ET MELONS RACINES ET TUBERCULES",NA,NA,NA,NA,NA,"vegetables"
"A53","MEDOC","AOP & AOC, VINS",NA,NA,NA,NA,NA,NA
"A863","MEDITERRANEE","IGP, VINS",NA,NA,NA,NA,NA,NA
"A202","MAZOYERESCHAMBERTIN","AOP & AOC, VINS",NA,NA,NA,NA,NA,NA
"A201","MAZISCHAMBERTIN","AOP & AOC, VINS",NA,NA,NA,NA,NA,NA
"A972","MAURES","IGP, VINS",NA,NA,NA,NA,NA,NA
"A199","MARSANNAY","AOP & AOC, VINS",NA,NA,NA,NA,NA,NA
"LA0215","MARRON","LR, AUTRES FRUITS D ARBRES OU D ARBUSTES ET FRUITS A COQUE",NA,NA,NA,NA,NA,"fruits"
"A422","MAROILLES OU MAROLLES","AOP & AOC, FROMAGE","CODE7","Produits animaux","22","Fromage, crème, beurre de vache","cattle","milk"
"A52","MARGAUX","AOP & AOC, VINS",NA,NA,NA,NA,NA,NA
"A51","MARCILLAC","AOP & AOC, VINS",NA,NA,NA,NA,NA,NA
"A1141","MARC DU LANGUEDOC OU EAUDEVIE DE MARC DU LANGUEDOC","IG, EAUXDEVIE ET AUTRES ALCOOLS",NA,NA,NA,NA,NA,NA
"A1074","MARC DU JURA","IG & AOC, EAUXDEVIE ET AUTRES ALCOOLS",NA,NA,NA,NA,NA,NA
"A1150","MARC DU BUGEY","IG, EAUXDEVIE ET AUTRES ALCOOLS",NA,NA,NA,NA,NA,NA
"A394","MARC DES COTES DU RHONE OU EAUDEVIE DE MARC DES COTES DU RHONE","IG, EAUXDEVIE ET AUTRES ALCOOLS",NA,NA,NA,NA,NA,NA
"A389","MARC DE SAVOIE","IG, EAUXDEVIE ET AUTRES ALCOOLS",NA,NA,NA,NA,NA,NA
"A1153","MARC DE PROVENCE OU EAUDEVIE DE MARC DE PROVENCE","IG, EAUXDEVIE ET AUTRES ALCOOLS",NA,NA,NA,NA,NA,NA
"A373","MARC DE CHAMPAGNE OU MARC CHAMPENOIS OU EAUDEVIE DE MARC CHAMPENOIS","IG, EAUXDEVIE ET AUTRES ALCOOLS",NA,NA,NA,NA,NA,NA
"A1092","MARC DE BOURGOGNE","IG & AOC, EAUXDEVIE ET AUTRES ALCOOLS",NA,NA,NA,NA,NA,NA
"A1091","MARC D ALSACE","IG & AOC, EAUXDEVIE ET AUTRES ALCOOLS",NA,NA,NA,NA,NA,NA
"A198","MARANGES","AOP & AOC, VINS",NA,NA,NA,NA,NA,NA
"A608","MALEPERE","AOP & AOC, VINS",NA,NA,NA,NA,NA,NA
"A574","MAINEANJOU","AOP & AOC, VIANDES DE BOUCHERIE ET PRODUITS D ABATTAGE",NA,NA,NA,NA,"cattle","meat"
"A48","MADIRAN","AOP & AOC, VINS",NA,NA,NA,NA,NA,NA
"A244","MACVIN DU JURA","AOP & AOC, EAUXDEVIE ET AUTRES ALCOOLS",NA,NA,NA,NA,NA,NA
"A596","MACONNAIS","AOP & AOC, FROMAGE","CODE7","Produits animaux","22","Fromage, crème, beurre de vache","goats","milk"
"A583","MACON","AOP & AOC, VINS",NA,NA,NA,NA,NA,NA
"A503","MACHE NANTAISE","IGP, LEGUMES ET MELONS RACINES ET TUBERCULES",NA,NA,NA,NA,NA,"vegetables"
"A47","LUSSACSAINTEMILION","AOP & AOC, VINS",NA,NA,NA,NA,NA,NA
"A681","LUCQUES DU LANGUEDOC","AOP & AOC, FRUITS OLEAGINEUX",NA,NA,NA,NA,"fruits","fruits"
"A854","LUBERON","AOP & AOC, VINS",NA,NA,NA,NA,NA,NA
"A46","LOUPIAC","AOP & AOC, VINS",NA,NA,NA,NA,NA,NA
"A679","LONZO DE CORSE OU LONZO DE CORSE LONZU","AOP & AOC, CONSERVES ET PREPARATIONS A BASE DE VIANDE ABATS ET SANG",NA,NA,NA,NA,"swine","meat"
"A421","LIVAROT","AOP & AOC, FROMAGE","CODE7","Produits animaux","22","Fromage, crème, beurre de vache","cattle","milk"
"A45","LISTRACMEDOC","AOP & AOC, VINS",NA,NA,NA,NA,NA,NA
"A283","LIRAC","AOP & AOC, VINS",NA,NA,NA,NA,NA,NA
"A620","LINGOT DU NORD","IGP, CEREALES LEGUMINEUSES ET OLEAGINEUX","CODE3","Produits végétaux","220","Autres légumes secs","legumes","crop"
"LA1598","LINGOT","LR, CEREALES LEGUMINEUSES ET OLEAGINEUX","CODE3","Produits végétaux","220","Autres légumes secs","legumes","crop"
"A251","LIMOUX","AOP & AOC, VINS",NA,NA,NA,NA,NA,NA
"A301","LES BAUX DE PROVENCE","AOP & AOC, VINS",NA,NA,NA,NA,NA,NA
"A502","LENTILLES VERTES DU BERRY","IGP, CEREALES LEGUMINEUSES ET OLEAGINEUX","CODE3","Produits végétaux","216","Lentille","legumes","crop"
"LA0196","LENTILLES VERTES","LR, CEREALES LEGUMINEUSES ET OLEAGINEUX","CODE3","Produits végétaux","216","Lentille","legumes","crop"
"A455","LENTILLE VERTE DU PUY","AOP & AOC, CEREALES LEGUMINEUSES ET OLEAGINEUX","CODE3","Produits végétaux","216","Lentille","legumes","crop"
"A1009","LE PAYS CATHARE","IGP, VINS",NA,NA,NA,NA,NA,NA
"A1015","LAVILLEDIEU","IGP, VINS",NA,NA,NA,NA,NA,NA
"A193","LATRICIERESCHAMBERTIN","AOP & AOC, VINS",NA,NA,NA,NA,NA,NA
"LA1397","LAPIN","LR, VIANDES DE VOLAILLES FRAICHES CONGELEES OU SURGELEES",NA,NA,NA,NA,"poultry","meat"
"A257","LANGUEDOC","AOP & AOC, VINS",NA,NA,NA,NA,NA,NA
"A420","LANGRES","AOP & AOC, FROMAGE","CODE7","Produits animaux","22","Fromage, crème, beurre de vache","cattle","milk"
"A932","LANDES","IGP, VINS",NA,NA,NA,NA,NA,NA
"A44","LALANDEDEPOMEROL","AOP & AOC, VINS",NA,NA,NA,NA,NA,NA
"STG16117","LAIT DE FOIN STG","STG, FROMAGE","CODE7","Produits animaux","22","Fromage, crème, beurre de vache","cattle","milk"
"A419","LAGUIOLE","AOP & AOC, FROMAGE","CODE7","Produits animaux","22","Fromage, crème, beurre de vache","cattle","milk"
"A192","LADOIX","AOP & AOC, VINS",NA,NA,NA,NA,NA,NA
"A191","LA TACHE","AOP & AOC, VINS",NA,NA,NA,NA,NA,NA
"A190","LA ROMANEE","AOP & AOC, VINS",NA,NA,NA,NA,NA,NA
"A189","LA GRANDE RUE","AOP & AOC, VINS",NA,NA,NA,NA,NA,NA
"A831","LA CLAPE","AOP & AOC, VINS",NA,NA,NA,NA,NA,NA
"A187","L ETOILE","AOP & AOC, VINS",NA,NA,NA,NA,NA,NA
"LA3590","KIWI HAYWARD","LR, AUTRES FRUITS D ARBRES OU D ARBUSTES ET FRUITS A COQUE",NA,NA,NA,NA,NA,"fruits"
"A627","KIWI DE L ADOUR","IGP, AUTRES FRUITS D ARBRES OU D ARBUSTES ET FRUITS A COQUE",NA,NA,NA,NA,NA,"fruits"
"A673","KIRSCH DE FOUGEROLLES","IG & AOC, EAUXDEVIE ET AUTRES ALCOOLS",NA,NA,NA,NA,NA,NA
"A1138","KIRSCH D ALSACE","IG, EAUXDEVIE ET AUTRES ALCOOLS",NA,NA,NA,NA,NA,NA
"A1165","KINTOA","AOP & AOC, VIANDES DE BOUCHERIE ET PRODUITS D ABATTAGE",NA,NA,NA,NA,"swine","meat"
"A42","JURANCON","AOP & AOC, VINS",NA,NA,NA,NA,NA,NA
"A186","JULIENAS","AOP & AOC, VINS",NA,NA,NA,NA,NA,NA
"A92","JASNIERES","AOP & AOC, VINS",NA,NA,NA,NA,NA,NA
"A682","JAMBON SEC DE CORSE OU JAMBON SEC DE CORSE PRISUTTU","AOP & AOC, CONSERVES ET PREPARATIONS A BASE DE VIANDE ABATS ET SANG",NA,NA,NA,NA,"swine","meat"
"A1166","JAMBON DU KINTOA","AOP & AOC, VIANDES DE BOUCHERIE ET PRODUITS D ABATTAGE",NA,NA,NA,NA,"swine","meat"
"A737","JAMBON DE LACAUNE","IGP, CONSERVES ET PREPARATIONS A BASE DE VIANDE ABATS ET SANG",NA,NA,NA,NA,"swine","meat"
"A500","JAMBON DE BAYONNE","IGP, CONSERVES ET PREPARATIONS A BASE DE VIANDE ABATS ET SANG",NA,NA,NA,NA,"swine","meat"
"A647","JAMBON D AUVERGNE","IGP, CONSERVES ET PREPARATIONS A BASE DE VIANDE ABATS ET SANG",NA,NA,NA,NA,"swine","meat"
"LA4588","JAMBON CUIT SUPERIEUR DE PORC FERMIER ENTIER OU PRETRANCHE","LR, CONSERVES ET PREPARATIONS A BASE DE VIANDE ABATS ET SANG",NA,NA,NA,NA,"swine","meat"
"A929","ISERE","IGP, VINS",NA,NA,NA,NA,NA,NA
"A41","IROULEGUY","AOP & AOC, VINS",NA,NA,NA,NA,NA,NA
"A247","IRANCY","AOP & AOC, VINS",NA,NA,NA,NA,NA,NA
"A895","ILE DE BEAUTE","IGP, VINS",NA,NA,NA,NA,NA,NA
"LA2298","HUITRES POUSSE EN CLAIRE","LR, PRODUITS DE LA PECHE ET DE L AQUACULTURE",NA,NA,NA,NA,NA,NA
"A625","HUITRES MARENNES OLERON","IGP, PRODUITS DE LA PECHE ET DE L AQUACULTURE",NA,NA,NA,NA,NA,NA
"A462","HUILE ESSENTIELLE DE LAVANDE DE HAUTEPROVENCE OU ESSENCE DE LAVANDE DE HAUTEPROVENCE","AOP & AOC, AUTRES",NA,NA,NA,NA,NA,NA
"A604","HUILE D OLIVE DE PROVENCE","AOC, HUILE D OLIVE",NA,NA,NA,NA,NA,NA
"A449","HUILE D OLIVE DE NYONS","AOP & AOC, HUILE D OLIVE",NA,NA,NA,NA,"fruits","fruits"
"A575","HUILE D OLIVE DE NIMES","AOP & AOC, HUILE D OLIVE",NA,NA,NA,NA,"fruits","fruits"
"A578","HUILE D OLIVE DE NICE","AOP & AOC, HUILE D OLIVE",NA,NA,NA,NA,"fruits","fruits"
"A459","HUILE D OLIVE DE LA VALLEE DES BAUXDEPROVENCE","AOP & AOC, HUILE D OLIVE",NA,NA,NA,NA,"fruits","fruits"
"A467","HUILE D OLIVE DE HAUTEPROVENCE","AOP & AOC, HUILE D OLIVE",NA,NA,NA,NA,"fruits","fruits"
"A576","HUILE D OLIVE DE CORSE OLIU DI CORSICA","AOP & AOC, HUILE D OLIVE",NA,NA,NA,NA,"fruits","fruits"
"A466","HUILE D OLIVE D AIXENPROVENCE","AOP & AOC, HUILE D OLIVE",NA,NA,NA,NA,"fruits","fruits"
"A282","HERMITAGE OU ERMITAGE OU L HERMITAGE OU L ERMITAGE","AOP & AOC, VINS",NA,NA,NA,NA,NA,NA
"LA0203","HERBES DE PROVENCE","LR, CONDIMENTS ASSAISONNEMENTS HERBES ET PIMENTS",NA,NA,NA,NA,NA,NA
"A1018","HAUTPOITOU","AOP & AOC, VINS",NA,NA,NA,NA,NA,NA
"A40","HAUTMONTRAVEL","AOP & AOC, VINS",NA,NA,NA,NA,NA,NA
"A39","HAUTMEDOC","AOP & AOC, VINS",NA,NA,NA,NA,NA,NA
"A980","HAUTEVIENNE","IGP, VINS",NA,NA,NA,NA,NA,NA
"A870","HAUTESALPES","IGP, VINS",NA,NA,NA,NA,NA,NA
"A944","HAUTEMARNE","IGP, VINS",NA,NA,NA,NA,NA,NA
"A1004","HAUTE VALLEE DE L ORB","IGP, VINS",NA,NA,NA,NA,NA,NA
"A985","HAUTE VALLEE DE L AUDE","IGP, VINS",NA,NA,NA,NA,NA,NA
"LA2705","HARICOTS BLANCS","LR, CEREALES LEGUMINEUSES ET OLEAGINEUX","CODE3","Produits végétaux","220","Autres légumes secs","legumes","crop"
"A499","HARICOT TARBAIS","IGP, CEREALES LEGUMINEUSES ET OLEAGINEUX","CODE3","Produits végétaux","220","Autres légumes secs","legumes","crop"
"LA1997","HARICOT","LR, CEREALES LEGUMINEUSES ET OLEAGINEUX","CODE3","Produits végétaux","220","Autres légumes secs","legumes","crop"
"A857","GRUYERE","IGP, FROMAGE","CODE7","Produits animaux","22","Fromage, crème, beurre de vache","cattle","milk"
"A843","GROS PLANT DU PAYS NANTAIS","AOP & AOC, VINS",NA,NA,NA,NA,NA,NA
"A185","GRIOTTECHAMBERTIN","AOP & AOC, VINS",NA,NA,NA,NA,NA,NA
"A1013","GRIGNANLESADHEMAR","AOP & AOC, VINS",NA,NA,NA,NA,NA,NA
"A855","GRAVES SUPERIEURES","AOP & AOC, VINS",NA,NA,NA,NA,NA,NA
"A38","GRAVES DE VAYRES","AOP & AOC, VINS",NA,NA,NA,NA,NA,NA
"A37","GRAVES","AOP & AOC, VINS",NA,NA,NA,NA,NA,NA
"A184","GRANDSECHEZEAUX","AOP & AOC, VINS",NA,NA,NA,NA,NA,NA
"A183","GIVRY","AOP & AOC, VINS",NA,NA,NA,NA,NA,NA
"A281","GIGONDAS","AOP & AOC, VINS",NA,NA,NA,NA,NA,NA
"A182","GEVREYCHAMBERTIN","AOP & AOC, VINS",NA,NA,NA,NA,NA,NA
"A915","GERS","IGP, VINS",NA,NA,NA,NA,NA,NA
"A618","GENISSE FLEUR D AUBRAC","IGP, VIANDES DE BOUCHERIE ET PRODUITS D ABATTAGE",NA,NA,NA,NA,"cattle","meat"
"A1154","GENEPI DES ALPES","IG, EAUXDEVIE ET AUTRES ALCOOLS",NA,NA,NA,NA,NA,NA
"A905","GARD","IGP, VINS",NA,NA,NA,NA,NA,NA
"A36","GAILLAC PREMIERES COTES","AOP & AOC, VINS",NA,NA,NA,NA,NA,NA
"A34","GAILLAC","AOP & AOC, VINS",NA,NA,NA,NA,NA,NA
"A29","FRONTON","AOP & AOC, VINS",NA,NA,NA,NA,NA,NA
"A33","FRONSAC","AOP & AOC, VINS",NA,NA,NA,NA,NA,NA
"A959","FRANCHECOMTE","IGP, VINS",NA,NA,NA,NA,NA,NA
"A1136","FRAMBOISE D ALSACE","IG, EAUXDEVIE ET AUTRES ALCOOLS",NA,NA,NA,NA,NA,NA
"LA0117","FRAISES","LR, AUTRES FRUITS D ARBRES OU D ARBUSTES ET FRUITS A COQUE",NA,NA,NA,NA,NA,"fruits"
"A563","FRAISE DU PERIGORD","IGP, AUTRES FRUITS D ARBRES OU D ARBUSTES ET FRUITS A COQUE",NA,NA,NA,NA,NA,"fruits"
"LA1608","FRAISE","LR, AUTRES FRUITS D ARBRES OU D ARBUSTES ET FRUITS A COQUE",NA,NA,NA,NA,NA,"fruits"
"A471","FOURME DE MONTBRISON","AOP & AOC, FROMAGE","CODE7","Produits animaux","22","Fromage, crème, beurre de vache","cattle","milk"
"A418","FOURME D AMBERT","AOP & AOC, FROMAGE","CODE7","Produits animaux","22","Fromage, crème, beurre de vache","cattle","milk"
"A457","FOIN DE CRAU","AOP & AOC, AUTRES",NA,NA,NA,NA,NA,NA
"A319","FLOC DE GASCOGNE","AOP & AOC, EAUXDEVIE ET AUTRES ALCOOLS",NA,NA,NA,NA,NA,NA
"A181","FLEURIE","AOP & AOC, VINS",NA,NA,NA,NA,NA,NA
"LA1906","FLAGEOLET VERT","LR, CEREALES LEGUMINEUSES ET OLEAGINEUX","CODE3","Produits végétaux","220","Autres légumes secs","legumes","crop"
"A180","FIXIN","AOP & AOC, VINS",NA,NA,NA,NA,NA,NA
"A390","FINE FAUGERES OU EAUDEVIE DE FAUGERES","IG, EAUXDEVIE ET AUTRES ALCOOLS",NA,NA,NA,NA,NA,NA
"A1089","FINE DE BOURGOGNE","IG & AOC, EAUXDEVIE ET AUTRES ALCOOLS",NA,NA,NA,NA,NA,NA
"A376","FINE BORDEAUX","IG, EAUXDEVIE ET AUTRES ALCOOLS",NA,NA,NA,NA,NA,NA
"A595","FIN GRAS DU MEZENC","AOP & AOC, VIANDES DE BOUCHERIE ET PRODUITS D ABATTAGE",NA,NA,NA,NA,"cattle","meat"
"A591","FIGUE DE SOLLIES","AOP & AOC, AUTRES FRUITS D ARBRES OU D ARBUSTES ET FRUITS A COQUE",NA,NA,NA,NA,"fruits","fruits"
"A1028","FIEFS VENDEENS","AOP & AOC, VINS",NA,NA,NA,NA,NA,NA
"LA1104","FARINE POUR PAIN DE TRADITION FRANCAISE","LR, PRODUITS DU TRAVAIL DES GRAINS","CODE3","Produits végétaux","111","Blé tendre","cereal","crop"
"LA2006","FARINE PANIFIABLE POUR PAIN COURANT","LR, PRODUITS DU TRAVAIL DES GRAINS","CODE3","Produits végétaux","111","Blé tendre","cereal","crop"
"A624","FARINE DE PETIT EPEAUTRE DE HAUTE PROVENCE","IGP, PRODUITS DU TRAVAIL DES GRAINS","CODE3","Produits végétaux","122","Autres céréales","cereal","crop"
"LA0514","FARINE DE MEULE","LR, PRODUITS DU TRAVAIL DES GRAINS","CODE3","Produits végétaux","111","Blé tendre","cereal","crop"
"LA0905","FARINE DE FROMENT","LR, PRODUITS DU TRAVAIL DES GRAINS","CODE3","Produits végétaux","111","Blé tendre","cereal","crop"
"A601","FARINE DE CHATAIGNE CORSE FARINA CASTAGNINA CORSA","AOP & AOC, PRODUITS DU TRAVAIL DES GRAINS",NA,NA,NA,NA,"fruits","fruits"
"A622","FARINE DE BLE NOIR DE BRETAGNE GWINIZH DU BREIZH","IGP, PRODUITS DU TRAVAIL DES GRAINS","CODE3","Produits végétaux","122","Autres céréales","cereal","crop"
"A1017","ESTAING","AOP & AOC, VINS",NA,NA,NA,NA,NA,NA
"A417","EPOISSES","AOP & AOC, FROMAGE","CODE7","Produits animaux","22","Fromage, crème, beurre de vache","cattle","milk"
"A32","ENTREDEUXMERS","AOP & AOC, VINS",NA,NA,NA,NA,NA,NA
"A1016","ENTRAYGUES LE FEL","AOP & AOC, VINS",NA,NA,NA,NA,NA,NA
"LA0414","ENDIVES DE PLEINE TERRE","LR, LEGUMES ET MELONS RACINES ET TUBERCULES",NA,NA,NA,NA,NA,"vegetables"
"A554","EMMENTAL FRANCAIS ESTCENTRAL","IGP, FROMAGE","CODE7","Produits animaux","22","Fromage, crème, beurre de vache","cattle","milk"
"A498","EMMENTAL DE SAVOIE","IGP, FROMAGE","CODE7","Produits animaux","22","Fromage, crème, beurre de vache","cattle","milk"
"LA0479","EMMENTAL","LR, FROMAGE","CODE7","Produits animaux","22","Fromage, crème, beurre de vache","cattle","milk"
"A179","ECHEZEAUX","AOP & AOC, VINS",NA,NA,NA,NA,NA,NA
"A692","ECHALOTE D ANJOU","IGP, LEGUMES ET MELONS RACINES ET TUBERCULES",NA,NA,NA,NA,NA,"vegetables"
"A1151","EAUDEVIE DE VIN ORIGINAIRE DU LANGUEDOC OU FINE DU LANGUEDOC OU EAUDEVIE DE VIN DU LAN","IG, EAUXDEVIE ET AUTRES ALCOOLS",NA,NA,NA,NA,NA,NA
"A1159","EAUDEVIE DE VIN ORIGINAIRE DU BUGEY OU FINE DU BUGEY","IG, EAUXDEVIE ET AUTRES ALCOOLS",NA,NA,NA,NA,NA,NA
"A393","EAUDEVIE DE VIN DES COTESDURHONE OU FINE DES COTESDURHONE","IG, EAUXDEVIE ET AUTRES ALCOOLS",NA,NA,NA,NA,NA,NA
"A372","EAUDEVIE DE VIN DE LA MARNE OU FINE CHAMPENOISE","IG, EAUXDEVIE ET AUTRES ALCOOLS",NA,NA,NA,NA,NA,NA
"A399","EAUDEVIE DE CIDRE DU MAINE","IG & AOC, EAUXDEVIE ET AUTRES ALCOOLS",NA,NA,NA,NA,NA,NA
"A398","EAUDEVIE DE CIDRE DE BRETAGNE","IG & AOC, EAUXDEVIE ET AUTRES ALCOOLS",NA,NA,NA,NA,NA,NA
"A828","DUCHE D UZES","AOC, VINS",NA,NA,NA,NA,NA,NA
"A901","DROME","IGP, VINS",NA,NA,NA,NA,NA,NA
"A1120","DOMFRONT","AOP & AOC, CIDRE ET AUTRES VINS DE FRUITS",NA,NA,NA,NA,NA,NA
"LA0488","DINDE FERMIERE DE NOEL ELEVEE EN PLEIN AIR ENTIERE FRAICHE","LR, VIANDES DE VOLAILLES FRAICHES CONGELEES OU SURGELEES",NA,NA,NA,NA,"poultry","meat"
"LA0372","DINDE DE NOEL FERMIERE ELEVEE EN PLEIN AIR ENTIERE FRAICHE OU SURGELEE","LR, VIANDES DE VOLAILLES FRAICHES CONGELEES OU SURGELEES",NA,NA,NA,NA,"poultry","meat"
"LA0486","DINDE DE NOEL FERMIERE ELEVEE EN PLEIN AIR ENTIERE FRAICHE OU SURGELEE","LR, VIANDES DE VOLAILLES FRAICHES CONGELEES OU SURGELEES",NA,NA,NA,NA,"poultry","meat"
"LA0497","DINDE DE NOEL FERMIERE ELEVEE EN PLEIN AIR ENTIERE FRAICHE OU SURGELEE","LR, VIANDES DE VOLAILLES FRAICHES CONGELEES OU SURGELEES",NA,NA,NA,NA,"poultry","meat"
"LA0578","DINDE DE NOEL FERMIERE ELEVEE EN PLEIN AIR ENTIERE FRAICHE OU SURGELEE","LR, VIANDES DE VOLAILLES FRAICHES CONGELEES OU SURGELEES",NA,NA,NA,NA,"poultry","meat"
"LA0671","DINDE DE NOEL FERMIERE ELEVEE EN PLEIN AIR ENTIERE FRAICHE OU SURGELEE","LR, VIANDES DE VOLAILLES FRAICHES CONGELEES OU SURGELEES",NA,NA,NA,NA,"poultry","meat"
"LA0884","DINDE DE NOEL FERMIERE ELEVEE EN PLEIN AIR ENTIERE FRAICHE OU SURGELEE","LR, VIANDES DE VOLAILLES FRAICHES CONGELEES OU SURGELEES",NA,NA,NA,NA,"poultry","meat"
"LA1080","DINDE DE NOEL FERMIERE ELEVEE EN PLEIN AIR ENTIERE FRAICHE OU SURGELEE","LR, VIANDES DE VOLAILLES FRAICHES CONGELEES OU SURGELEES",NA,NA,NA,NA,"poultry","meat"
"LA2688","DINDE DE NOEL FERMIERE ELEVEE EN PLEIN AIR ENTIERE FRAICHE OU SURGELEE","LR, VIANDES DE VOLAILLES FRAICHES CONGELEES OU SURGELEES",NA,NA,NA,NA,"poultry","meat"
"LA0686","DINDE DE NOEL FERMIERE ELEVEE EN PLEIN AIR ENTIERE FRAICHE ET SURGELEE","LR, VIANDES DE VOLAILLES FRAICHES CONGELEES OU SURGELEES",NA,NA,NA,NA,"poultry","meat"
"LA1395","DINDE DE NOEL FERMIERE ELEVEE EN PLEIN AIR ENTIERE FRAICHE ET SURGELEE","LR, VIANDES DE VOLAILLES FRAICHES CONGELEES OU SURGELEES",NA,NA,NA,NA,"poultry","meat"
"LA0579","DINDE DE NOEL FERMIERE ELEVEE EN PLEIN AIR ENTIERE FRAICHE","LR, VIANDES DE VOLAILLES FRAICHES CONGELEES OU SURGELEES",NA,NA,NA,NA,"poultry","meat"
"LA0687","DINDE DE NOEL FERMIERE ELEVEE EN PLEIN AIR ENTIERE FRAICHE","LR, VIANDES DE VOLAILLES FRAICHES CONGELEES OU SURGELEES",NA,NA,NA,NA,"poultry","meat"
"LA0882","DINDE DE NOEL FERMIERE ELEVEE EN PLEIN AIR ENTIERE FRAICHE","LR, VIANDES DE VOLAILLES FRAICHES CONGELEES OU SURGELEES",NA,NA,NA,NA,"poultry","meat"
"LA1477","DINDE DE NOEL FERMIERE ELEVEE EN PLEIN AIR ENTIERE FRAICHE","LR, VIANDES DE VOLAILLES FRAICHES CONGELEES OU SURGELEES",NA,NA,NA,NA,"poultry","meat"
"LA1592","DINDE DE NOEL FERMIERE ELEVEE EN PLEIN AIR ENTIERE FRAICHE","LR, VIANDES DE VOLAILLES FRAICHES CONGELEES OU SURGELEES",NA,NA,NA,NA,"poultry","meat"
"LA1593","DINDE DE NOEL FERMIERE ELEVEE EN PLEIN AIR ENTIERE FRAICHE","LR, VIANDES DE VOLAILLES FRAICHES CONGELEES OU SURGELEES",NA,NA,NA,NA,"poultry","meat"
"LA1691","DINDE DE NOEL FERMIERE ELEVEE EN PLEIN AIR ENTIERE FRAICHE","LR, VIANDES DE VOLAILLES FRAICHES CONGELEES OU SURGELEES",NA,NA,NA,NA,"poultry","meat"
"LA0298","DINDE DE DECOUPE FERMIERE ELEVEE EN PLEIN AIR","LR, VIANDES DE VOLAILLES FRAICHES CONGELEES OU SURGELEES",NA,NA,NA,NA,"poultry","meat"
"A447","DINDE DE BRESSE","AOP & AOC, VIANDES DE VOLAILLES FRAICHES CONGELEES OU SURGELEES",NA,NA,NA,NA,"poultry","meat"
"A280","CROZESHERMITAGE OU CROZESERMITAGE","AOP & AOC, VINS",NA,NA,NA,NA,NA,NA
"A178","CRIOTSBATARDMONTRACHET","AOP & AOC, VINS",NA,NA,NA,NA,NA,NA
"A544","CREME FRAICHE FLUIDE D ALSACE","IGP, CREME","CODE7","Produits animaux","22","Fromage, crème, beurre de vache","cattle","milk"
"LA1089","CREME FLUIDE","LR, CREME","CODE7","Produits animaux","22","Fromage, crème, beurre de vache","cattle","milk"
"A640","CREME DE BRESSE","AOP & AOC, CREME","CODE7","Produits animaux","22","Fromage, crème, beurre de vache","cattle","milk"
"A441","CREME D ISIGNY","AOP & AOC, CREME","CODE7","Produits animaux","22","Fromage, crème, beurre de vache","cattle","milk"
"A176","CREMANT DU JURA","AOP & AOC, VINS",NA,NA,NA,NA,NA,NA
"A91","CREMANT DE LOIRE","AOP & AOC, VINS",NA,NA,NA,NA,NA,NA
"A250","CREMANT DE LIMOUX","AOP & AOC, VINS",NA,NA,NA,NA,NA,NA
"A279","CREMANT DE DIE","AOP & AOC, VINS",NA,NA,NA,NA,NA,NA
"A175","CREMANT DE BOURGOGNE","AOP & AOC, VINS",NA,NA,NA,NA,NA,NA
"A31","CREMANT DE BORDEAUX","AOP & AOC, VINS",NA,NA,NA,NA,NA,NA
"A2","CREMANT D ALSACE","AOP & AOC, VINS",NA,NA,NA,NA,NA,NA
"A90","COURCHEVERNY","AOP & AOC, VINS",NA,NA,NA,NA,NA,NA
"A1164","COULEE DE SERRANT","AOP & AOC, VINS",NA,NA,NA,NA,NA,NA
"A289","COTES DU VIVARAIS","AOP & AOC, VINS",NA,NA,NA,NA,NA,NA
"A966","COTES DU TARN","IGP, VINS",NA,NA,NA,NA,NA,NA
"A259","COTES DU ROUSSILLON VILLAGES","AOP & AOC, VINS",NA,NA,NA,NA,NA,NA
"A276","COTES DU RHONE VILLAGES","AOP & AOC, VINS",NA,NA,NA,NA,NA,NA
"A275","COTES DU RHONE","AOP & AOC, VINS",NA,NA,NA,NA,NA,NA
"A30","COTES DU MARMANDAIS","AOP & AOC, VINS",NA,NA,NA,NA,NA,NA
"A938","COTES DU LOT","IGP, VINS",NA,NA,NA,NA,NA,NA
"A173","COTES DU JURA","AOP & AOC, VINS",NA,NA,NA,NA,NA,NA
"A243","COTES DU FOREZ","AOP & AOC, VINS",NA,NA,NA,NA,NA,NA
"A4","COTES DE TOUL","AOP & AOC, VINS",NA,NA,NA,NA,NA,NA
"A1002","COTES DE THONGUE","IGP, VINS",NA,NA,NA,NA,NA,NA
"A1001","COTES DE THAU","IGP, VINS",NA,NA,NA,NA,NA,NA
"A297","COTES DE PROVENCE","AOP & AOC, VINS",NA,NA,NA,NA,NA,NA
"A28","COTES DE MONTRAVEL","AOP & AOC, VINS",NA,NA,NA,NA,NA,NA
"A731","COTES DE MILLAU","AOP & AOC, VINS",NA,NA,NA,NA,NA,NA
"A947","COTES DE MEUSE","IGP, VINS",NA,NA,NA,NA,NA,NA
"A949","COTES DE LA CHARITE","IGP, VINS",NA,NA,NA,NA,NA,NA
"A917","COTES DE GASCOGNE","IGP, VINS",NA,NA,NA,NA,NA,NA
"A27","COTES DE DURAS","AOP & AOC, VINS",NA,NA,NA,NA,NA,NA
"A18","COTES DE BOURG BOURG ET BOURGEAIS","AOP & AOC, VINS",NA,NA,NA,NA,NA,NA
"A25","COTES DE BORDEAUXSAINTMACAIRE","AOP & AOC, VINS",NA,NA,NA,NA,NA,NA
"A685","COTES DE BORDEAUX","AOP & AOC, VINS",NA,NA,NA,NA,NA,NA
"A24","COTES DE BLAYE","AOP & AOC, VINS",NA,NA,NA,NA,NA,NA
"A12","COTES DE BERGERAC","AOP & AOC, VINS",NA,NA,NA,NA,NA,NA
"A837","COTES D AUVERGNE","AOP & AOC, VINS",NA,NA,NA,NA,NA,NA
"A582","COTEAUX VAROIS EN PROVENCE","AOP & AOC, VINS",NA,NA,NA,NA,NA,NA
"A469","COTEAUX DU VENDOMOIS","AOP & AOC, VINS",NA,NA,NA,NA,NA,NA
"A688","COTEAUX DU QUERCY","AOP & AOC, VINS",NA,NA,NA,NA,NA,NA
"A909","COTEAUX DU PONT DU GARD","IGP, VINS",NA,NA,NA,NA,NA,NA
"A172","COTEAUX DU LYONNAIS","AOP & AOC, VINS",NA,NA,NA,NA,NA,NA
"A89","COTEAUX DU LOIR","AOP & AOC, VINS",NA,NA,NA,NA,NA,NA
"A88","COTEAUX DU LAYON","AOP & AOC, VINS",NA,NA,NA,NA,NA,NA
"A125","COTEAUX DU GIENNOIS","AOP & AOC, VINS",NA,NA,NA,NA,NA,NA
"A893","COTEAUX DU CHER ET DE L ARNON","IGP, VINS",NA,NA,NA,NA,NA,NA
"A903","COTEAUX DES BARONNIES","IGP, VINS",NA,NA,NA,NA,NA,NA
"A950","COTEAUX DE TANNAY","IGP, VINS",NA,NA,NA,NA,NA,NA
"A87","COTEAUX DE SAUMUR","AOP & AOC, VINS",NA,NA,NA,NA,NA,NA
"A882","COTEAUX DE PEYRIAC","IGP, VINS",NA,NA,NA,NA,NA,NA
"A881","COTEAUX DE NARBONNE","IGP, VINS",NA,NA,NA,NA,NA,NA
"A896","COTEAUX DE L AUXOIS","IGP, VINS",NA,NA,NA,NA,NA,NA
"A86","COTEAUX DE L AUBANCE","AOP & AOC, VINS",NA,NA,NA,NA,NA,NA
"A1024","COTEAUX DE L AIN","IGP, VINS",NA,NA,NA,NA,NA,NA
"A939","COTEAUX DE GLANES","IGP, VINS",NA,NA,NA,NA,NA,NA
"A273","COTEAUX DE DIE","AOP & AOC, VINS",NA,NA,NA,NA,NA,NA
"A945","COTEAUX DE COIFFY","IGP, VINS",NA,NA,NA,NA,NA,NA
"A996","COTEAUX DE BEZIERS","IGP, VINS",NA,NA,NA,NA,NA,NA
"A993","COTEAUX D ENSERUNE","IGP, VINS",NA,NA,NA,NA,NA,NA
"A840","COTEAUX D ANCENIS","AOP & AOC, VINS",NA,NA,NA,NA,NA,NA
"A295","COTEAUX D AIXENPROVENCE","AOP & AOC, VINS",NA,NA,NA,NA,NA,NA
"A1027","COTEAUX BOURGUIGNONS OU BOURGOGNE GRAND ORDINAIRE OU BOURGOGNE ORDINAIRE","AOP & AOC, VINS",NA,NA,NA,NA,NA,NA
"A957","COTE VERMEILLE","IGP, VINS",NA,NA,NA,NA,NA,NA
"A272","COTE ROTIE","AOP & AOC, VINS",NA,NA,NA,NA,NA,NA
"A170","COTE ROANNAISE","AOP & AOC, VINS",NA,NA,NA,NA,NA,NA
"A171","COTE DE NUITSVILLAGES OU VINS FINS DE LA COTE DE NUITS","AOP & AOC, VINS",NA,NA,NA,NA,NA,NA
"A169","COTE DE BROUILLY","AOP & AOC, VINS",NA,NA,NA,NA,NA,NA
"A168","COTE DE BEAUNEVILLAGES","AOP & AOC, VINS",NA,NA,NA,NA,NA,NA
"A167","COTE DE BEAUNE","AOP & AOC, VINS",NA,NA,NA,NA,NA,NA
"A256","COSTIERES DE NIMES","AOP & AOC, VINS",NA,NA,NA,NA,NA,NA
"A166","CORTONCHARLEMAGNE","AOP & AOC, VINS",NA,NA,NA,NA,NA,NA
"A165","CORTON","AOP & AOC, VINS",NA,NA,NA,NA,NA,NA
"A1168","CORREZE","AOC, VINS",NA,NA,NA,NA,NA,NA
"A333","CORNOUAILLE","AOP & AOC, CIDRE ET AUTRES VINS DE FRUITS",NA,NA,NA,NA,NA,NA
"A271","CORNAS","AOP & AOC, VINS",NA,NA,NA,NA,NA,NA
"A1098","CORBIERESBOUTENAC","AOP & AOC, VINS",NA,NA,NA,NA,NA,NA
"A255","CORBIERES","AOP & AOC, VINS",NA,NA,NA,NA,NA,NA
"A683","COPPA DE CORSE OU COPPA DE CORSE COPPA DI CORSICA","AOP & AOC, CONSERVES ET PREPARATIONS A BASE DE VIANDE ABATS ET SANG",NA,NA,NA,NA,"swine","meat"
"A270","CONDRIEU","AOP & AOC, VINS",NA,NA,NA,NA,NA,NA
"A862","COMTES RHODANIENS","IGP, VINS",NA,NA,NA,NA,NA,NA
"A861","COMTE TOLOSAN","IGP, VINS",NA,NA,NA,NA,NA,NA
"A414","COMTE","AOP & AOC, FROMAGE","CODE7","Produits animaux","22","Fromage, crème, beurre de vache","cattle","milk"
"A254","COLLIOURE","AOP & AOC, VINS",NA,NA,NA,NA,NA,NA
"A874","COLLINES RHODANIENNES","IGP, VINS",NA,NA,NA,NA,NA,NA
"A320","COGNAC OU EAUDEVIE DE COGNAC OU EAUDEVIE DES CHARENTES","IG & AOC, EAUXDEVIE ET AUTRES ALCOOLS",NA,NA,NA,NA,NA,NA
"A465","COCO DE PAIMPOL","AOP & AOC, CEREALES LEGUMINEUSES ET OLEAGINEUX","CODE3","Produits végétaux","220","Autres légumes secs","legumes","crop"
"A164","CLOS SAINTDENIS","AOP & AOC, VINS",NA,NA,NA,NA,NA,NA
"A163","CLOS DES LAMBRAYS","AOP & AOC, VINS",NA,NA,NA,NA,NA,NA
"A162","CLOS DE VOUGEOT OU CLOS VOUGEOT","AOP & AOC, VINS",NA,NA,NA,NA,NA,NA
"A161","CLOS DE TART","AOP & AOC, VINS",NA,NA,NA,NA,NA,NA
"A160","CLOS DE LA ROCHE","AOP & AOC, VINS",NA,NA,NA,NA,NA,NA
"A603","CLEMENTINE DE CORSE","IGP, AGRUMES",NA,NA,NA,NA,NA,"fruits"
"LA0314","CLEMENTINE","LR, AGRUMES",NA,NA,NA,NA,NA,"fruits"
"A269","CLAIRETTE DE DIE","AOP & AOC, VINS",NA,NA,NA,NA,NA,NA
"A252","CLAIRETTE DE BELLEGARDE","AOP & AOC, VINS",NA,NA,NA,NA,NA,NA
"A790","CITRON DE MENTON","IGP, AGRUMES",NA,NA,NA,NA,NA,"fruits"
"A877","CITE DE CARCASSONNE","IGP, VINS",NA,NA,NA,NA,NA,NA
"LA1599","CIDRE DE VARIETE GUILLEVIC","LR, CIDRE ET AUTRES VINS DE FRUITS",NA,NA,NA,NA,NA,NA
"A494","CIDRE DE NORMANDIE OU CIDRE NORMAND","IGP, CIDRE ET AUTRES VINS DE FRUITS",NA,NA,NA,NA,NA,NA
"A553","CIDRE DE BRETAGNE OU CIDRE BRETON","IGP, CIDRE ET AUTRES VINS DE FRUITS",NA,NA,NA,NA,NA,NA
"A848","CIDRE COTENTIN OU COTENTIN","AOP & AOC, CIDRE ET AUTRES VINS DE FRUITS",NA,NA,NA,NA,NA,NA
"A638","CHOUCROUTE D ALSACE","IGP, AUTRES PREPARATIONS ET CONSERVES A BASE DE FRUITS ET LEGUMES",NA,NA,NA,NA,NA,"vegetables"
"LA0109","CHOUCROUTE","LR, LEGUMES ET MELONS RACINES ET TUBERCULES",NA,NA,NA,NA,NA,"vegetables"
"A159","CHOREYLESBEAUNE","AOP & AOC, VINS",NA,NA,NA,NA,NA,NA
"A158","CHIROUBLES","AOP & AOC, VINS",NA,NA,NA,NA,NA,NA
"A85","CHINON","AOP & AOC, VINS",NA,NA,NA,NA,NA,NA
"A472","CHEVROTIN","AOP & AOC, FROMAGE","CODE7","Produits animaux","22","Fromage, crème, beurre de vache","goats","milk"
"A84","CHEVERNY","AOP & AOC, VINS",NA,NA,NA,NA,NA,NA
"A157","CHEVALIERMONTRACHET","AOP & AOC, VINS",NA,NA,NA,NA,NA,NA
"A156","CHENAS","AOP & AOC, VINS",NA,NA,NA,NA,NA,NA
"A416","CHAVIGNOL","AOP & AOC, FROMAGE","CODE7","Produits animaux","22","Fromage, crème, beurre de vache","goats","milk"
"A268","CHATILLONENDIOIS","AOP & AOC, VINS",NA,NA,NA,NA,NA,NA
"A267","CHATEAUNEUFDUPAPE","AOP & AOC, VINS",NA,NA,NA,NA,NA,NA
"A836","CHATEAUMEILLANT","AOP & AOC, VINS",NA,NA,NA,NA,NA,NA
"A266","CHATEAUGRILLET","AOP & AOC, VINS",NA,NA,NA,NA,NA,NA
"A155","CHATEAUCHALON","AOP & AOC, VINS",NA,NA,NA,NA,NA,NA
"A592","CHATAIGNE D ARDECHE","AOP & AOC, AUTRES FRUITS D ARBRES OU D ARBUSTES ET FRUITS A COQUE",NA,NA,NA,NA,"fruits","fruits"
"A446","CHASSELAS DE MOISSAC","AOP & AOC, RAISIN",NA,NA,NA,NA,"fruits","fruits"
"A154","CHASSAGNEMONTRACHET","AOP & AOC, VINS",NA,NA,NA,NA,NA,NA
"A730","CHAROLAIS DE BOURGOGNE","IGP, VIANDES DE BOUCHERIE ET PRODUITS D ABATTAGE",NA,NA,NA,NA,"cattle","meat"
"A657","CHAROLAIS","AOP & AOC, FROMAGE","CODE7","Produits animaux","22","Fromage, crème, beurre de vache","cattle","milk"
"A153","CHARMESCHAMBERTIN","AOP & AOC, VINS",NA,NA,NA,NA,NA,NA
"A152","CHARLEMAGNE","AOP & AOC, VINS",NA,NA,NA,NA,NA,NA
"A889","CHARENTAIS","IGP, VINS",NA,NA,NA,NA,NA,NA
"LA1788","CHAPON NOIR FERMIER ELEVE EN PLEIN AIR ENTIER ET DECOUPES FRAIS OU SURGELE","LR, VIANDES DE VOLAILLES FRAICHES CONGELEES OU SURGELEES",NA,NA,NA,NA,"poultry","meat"
"LA2390","CHAPON NOIR FERMIER ELEVE EN PLEIN AIR ENTIER ET DECOUPES FRAIS OU SURGELE","LR, VIANDES DE VOLAILLES FRAICHES CONGELEES OU SURGELEES",NA,NA,NA,NA,"poultry","meat"
"LA5488","CHAPON NOIR FERMIER ELEVE EN PLEIN AIR ENTIER ET DECOUPES FRAIS","LR, VIANDES DE VOLAILLES FRAICHES CONGELEES OU SURGELEES",NA,NA,NA,NA,"poultry","meat"
"LA4888","CHAPON JAUNE FERMIER ELEVE EN PLEIN AIR ENTIER FRAIS","LR, VIANDES DE VOLAILLES FRAICHES CONGELEES OU SURGELEES",NA,NA,NA,NA,"poultry","meat"
"LA0397","CHAPON JAUNE FERMIER ELEVE EN PLEIN AIR ENTIER ET DECOUPES FRAIS OU SURGELE","LR, VIANDES DE VOLAILLES FRAICHES CONGELEES OU SURGELEES",NA,NA,NA,NA,"poultry","meat"
"LA0506","CHAPON JAUNE FERMIER ELEVE EN PLEIN AIR ENTIER ET DECOUPES FRAIS OU SURGELE","LR, VIANDES DE VOLAILLES FRAICHES CONGELEES OU SURGELEES",NA,NA,NA,NA,"poultry","meat"
"LA1202","CHAPON JAUNE FERMIER ELEVE EN PLEIN AIR ENTIER ET DECOUPES FRAIS OU SURGELE","LR, VIANDES DE VOLAILLES FRAICHES CONGELEES OU SURGELEES",NA,NA,NA,NA,"poultry","meat"
"LA1206","CHAPON JAUNE FERMIER ELEVE EN PLEIN AIR ENTIER ET DECOUPES FRAIS OU SURGELE","LR, VIANDES DE VOLAILLES FRAICHES CONGELEES OU SURGELEES",NA,NA,NA,NA,"poultry","meat"
"LA1489","CHAPON JAUNE FERMIER ELEVE EN PLEIN AIR ENTIER ET DECOUPES FRAIS OU SURGELE","LR, VIANDES DE VOLAILLES FRAICHES CONGELEES OU SURGELEES",NA,NA,NA,NA,"poultry","meat"
"LA1700","CHAPON JAUNE FERMIER ELEVE EN PLEIN AIR ENTIER ET DECOUPES FRAIS OU SURGELE","LR, VIANDES DE VOLAILLES FRAICHES CONGELEES OU SURGELEES",NA,NA,NA,NA,"poultry","meat"
"LA1802","CHAPON JAUNE FERMIER ELEVE EN PLEIN AIR ENTIER ET DECOUPES FRAIS OU SURGELE","LR, VIANDES DE VOLAILLES FRAICHES CONGELEES OU SURGELEES",NA,NA,NA,NA,"poultry","meat"
"LA1900","CHAPON JAUNE FERMIER ELEVE EN PLEIN AIR ENTIER ET DECOUPES FRAIS OU SURGELE","LR, VIANDES DE VOLAILLES FRAICHES CONGELEES OU SURGELEES",NA,NA,NA,NA,"poultry","meat"
"LA2194","CHAPON JAUNE FERMIER ELEVE EN PLEIN AIR ENTIER ET DECOUPES FRAIS OU SURGELE","LR, VIANDES DE VOLAILLES FRAICHES CONGELEES OU SURGELEES",NA,NA,NA,NA,"poultry","meat"
"LA2889","CHAPON JAUNE FERMIER ELEVE EN PLEIN AIR ENTIER ET DECOUPES FRAIS OU SURGELE","LR, VIANDES DE VOLAILLES FRAICHES CONGELEES OU SURGELEES",NA,NA,NA,NA,"poultry","meat"
"LA3188","CHAPON JAUNE FERMIER ELEVE EN PLEIN AIR ENTIER ET DECOUPES FRAIS OU SURGELE","LR, VIANDES DE VOLAILLES FRAICHES CONGELEES OU SURGELEES",NA,NA,NA,NA,"poultry","meat"
"LA1491","CHAPON FERMIER ELEVE EN PLEIN AIR ENTIER ET DECOUPES SURGELE","LR, VIANDES DE VOLAILLES FRAICHES CONGELEES OU SURGELEES",NA,NA,NA,NA,"poultry","meat"
"LA1488","CHAPON FERMIER ELEVE EN PLEIN AIR ENTIER ET DECOUPES FRAIS OU SURGELE","LR, VIANDES DE VOLAILLES FRAICHES CONGELEES OU SURGELEES",NA,NA,NA,NA,"poultry","meat"
"LA3088","CHAPON FERMIER ELEVE EN PLEIN AIR ENTIER ET DECOUPES FRAIS OU SURGELE","LR, VIANDES DE VOLAILLES FRAICHES CONGELEES OU SURGELEES",NA,NA,NA,NA,"poultry","meat"
"LA1797","CHAPON FERMIER ELEVE EN PLEIN AIR ENTIER ET DECOUPES FRAIS","LR, VIANDES DE VOLAILLES FRAICHES CONGELEES OU SURGELEES",NA,NA,NA,NA,"poultry","meat"
"LA2888","CHAPON FERMIER ELEVE EN PLEIN AIR ENTIER ET DECOUPES FRAIS","LR, VIANDES DE VOLAILLES FRAICHES CONGELEES OU SURGELEES",NA,NA,NA,NA,"poultry","meat"
"A1160","CHAPON DU PERIGORD","IGP, VIANDES DE VOLAILLES FRAICHES CONGELEES OU SURGELEES",NA,NA,NA,NA,"poultry","meat"
"LA1794","CHAPON DE PINTADE JAUNE FERMIER ELEVE EN PLEIN AIR ENTIER ET DECOUPES FRAIS OU SURGELE","LR, VIANDES DE VOLAILLES FRAICHES CONGELEES OU SURGELEES",NA,NA,NA,NA,"poultry","meat"
"LA0114","CHAPON DE PINTADE FERMIER ELEVE EN PLEIN AIR ENTIER ET DECOUPES FRAIS OU SURGELE","LR, VIANDES DE VOLAILLES FRAICHES CONGELEES OU SURGELEES",NA,NA,NA,NA,"poultry","meat"
"LA0297","CHAPON DE PINTADE FERMIER ELEVE EN PLEIN AIR ENTIER ET DECOUPES FRAIS OU SURGELE","LR, VIANDES DE VOLAILLES FRAICHES CONGELEES OU SURGELEES",NA,NA,NA,NA,"poultry","meat"
"LA0407","CHAPON DE PINTADE FERMIER ELEVE EN PLEIN AIR ENTIER ET DECOUPES FRAIS OU SURGELE","LR, VIANDES DE VOLAILLES FRAICHES CONGELEES OU SURGELEES",NA,NA,NA,NA,"poultry","meat"
"LA0513","CHAPON DE PINTADE FERMIER ELEVE EN PLEIN AIR ENTIER ET DECOUPES FRAIS OU SURGELE","LR, VIANDES DE VOLAILLES FRAICHES CONGELEES OU SURGELEES",NA,NA,NA,NA,"poultry","meat"
"LA0895","CHAPON DE PINTADE FERMIER ELEVE EN PLEIN AIR ENTIER ET DECOUPES FRAIS OU SURGELE","LR, VIANDES DE VOLAILLES FRAICHES CONGELEES OU SURGELEES",NA,NA,NA,NA,"poultry","meat"
"LA1494","CHAPON DE PINTADE FERMIER ELEVE EN PLEIN AIR ENTIER ET DECOUPES FRAIS OU SURGELE","LR, VIANDES DE VOLAILLES FRAICHES CONGELEES OU SURGELEES",NA,NA,NA,NA,"poultry","meat"
"LA1594","CHAPON DE PINTADE FERMIER ELEVE EN PLEIN AIR ENTIER ET DECOUPES FRAIS OU SURGELE","LR, VIANDES DE VOLAILLES FRAICHES CONGELEES OU SURGELEES",NA,NA,NA,NA,"poultry","meat"
"LA1694","CHAPON DE PINTADE FERMIER ELEVE EN PLEIN AIR ENTIER ET DECOUPES FRAIS OU SURGELE","LR, VIANDES DE VOLAILLES FRAICHES CONGELEES OU SURGELEES",NA,NA,NA,NA,"poultry","meat"
"LA1994","CHAPON DE PINTADE FERMIER ELEVE EN PLEIN AIR ENTIER ET DECOUPES FRAIS OU SURGELE","LR, VIANDES DE VOLAILLES FRAICHES CONGELEES OU SURGELEES",NA,NA,NA,NA,"poultry","meat"
"A858","CHAPON DE BRESSE","AOP & AOC, VIANDES DE VOLAILLES FRAICHES CONGELEES OU SURGELEES",NA,NA,NA,NA,"poultry","meat"
"LA0201","CHAPON BLANC FERMIER ELEVE EN PLEIN AIR ENTIER ET DECOUPES FRAIS OU SURGELE","LR, VIANDES DE VOLAILLES FRAICHES CONGELEES OU SURGELEES",NA,NA,NA,NA,"poultry","meat"
"LA0406","CHAPON BLANC FERMIER ELEVE EN PLEIN AIR ENTIER ET DECOUPES FRAIS OU SURGELE","LR, VIANDES DE VOLAILLES FRAICHES CONGELEES OU SURGELEES",NA,NA,NA,NA,"poultry","meat"
"LA0698","CHAPON BLANC FERMIER ELEVE EN PLEIN AIR ENTIER ET DECOUPES FRAIS OU SURGELE","LR, VIANDES DE VOLAILLES FRAICHES CONGELEES OU SURGELEES",NA,NA,NA,NA,"poultry","meat"
"LA1106","CHAPON BLANC FERMIER ELEVE EN PLEIN AIR ENTIER ET DECOUPES FRAIS OU SURGELE","LR, VIANDES DE VOLAILLES FRAICHES CONGELEES OU SURGELEES",NA,NA,NA,NA,"poultry","meat"
"LA1300","CHAPON BLANC FERMIER ELEVE EN PLEIN AIR ENTIER ET DECOUPES FRAIS OU SURGELE","LR, VIANDES DE VOLAILLES FRAICHES CONGELEES OU SURGELEES",NA,NA,NA,NA,"poultry","meat"
"LA1600","CHAPON BLANC FERMIER ELEVE EN PLEIN AIR ENTIER ET DECOUPES FRAIS OU SURGELE","LR, VIANDES DE VOLAILLES FRAICHES CONGELEES OU SURGELEES",NA,NA,NA,NA,"poultry","meat"
"LA1688","CHAPON BLANC FERMIER ELEVE EN PLEIN AIR ENTIER ET DECOUPES FRAIS OU SURGELE","LR, VIANDES DE VOLAILLES FRAICHES CONGELEES OU SURGELEES",NA,NA,NA,NA,"poultry","meat"
"LA1892","CHAPON BLANC FERMIER ELEVE EN PLEIN AIR ENTIER ET DECOUPES FRAIS OU SURGELE","LR, VIANDES DE VOLAILLES FRAICHES CONGELEES OU SURGELEES",NA,NA,NA,NA,"poultry","meat"
"LA2699","CHAPON BLANC FERMIER ELEVE EN PLEIN AIR ENTIER ET DECOUPES FRAIS OU SURGELE","LR, VIANDES DE VOLAILLES FRAICHES CONGELEES OU SURGELEES",NA,NA,NA,NA,"poultry","meat"
"LA2988","CHAPON BLANC FERMIER ELEVE EN PLEIN AIR ENTIER ET DECOUPES FRAIS OU SURGELE","LR, VIANDES DE VOLAILLES FRAICHES CONGELEES OU SURGELEES",NA,NA,NA,NA,"poultry","meat"
"LA2989","CHAPON BLANC FERMIER ELEVE EN PLEIN AIR ENTIER ET DECOUPES FRAIS OU SURGELE","LR, VIANDES DE VOLAILLES FRAICHES CONGELEES OU SURGELEES",NA,NA,NA,NA,"poultry","meat"
"LA3288","CHAPON BLANC FERMIER ELEVE EN PLEIN AIR ENTIER ET DECOUPES FRAIS OU SURGELE","LR, VIANDES DE VOLAILLES FRAICHES CONGELEES OU SURGELEES",NA,NA,NA,NA,"poultry","meat"
"LA3889","CHAPON BLANC FERMIER ELEVE EN PLEIN AIR ENTIER ET DECOUPES FRAIS OU SURGELE","LR, VIANDES DE VOLAILLES FRAICHES CONGELEES OU SURGELEES",NA,NA,NA,NA,"poultry","meat"
"LA5588","CHAPON BLANC FERMIER ELEVE EN PLEIN AIR ENTIER ET DECOUPES FRAIS OU SURGELE","LR, VIANDES DE VOLAILLES FRAICHES CONGELEES OU SURGELEES",NA,NA,NA,NA,"poultry","meat"
"LA1398","CHAPON BLANC FERMIER ELEVE EN PLEIN AIR ENTIER ET DECOUPES FRAIS","LR, VIANDES DE VOLAILLES FRAICHES CONGELEES OU SURGELEES",NA,NA,NA,NA,"poultry","meat"
"LA1498","CHAPON BLANC FERMIER ELEVE EN PLEIN AIR ENTIER ET DECOUPES FRAIS","LR, VIANDES DE VOLAILLES FRAICHES CONGELEES OU SURGELEES",NA,NA,NA,NA,"poultry","meat"
"LA0604","CHAPON BLANC A PATTES BLEUES FERMIER ELEVE EN PLEIN AIR ENTIER ET DECOUPES FRAIS OU SURGELE","LR, VIANDES DE VOLAILLES FRAICHES CONGELEES OU SURGELEES",NA,NA,NA,NA,"poultry","meat"
"A151","CHAPELLECHAMBERTIN","AOP & AOC, VINS",NA,NA,NA,NA,NA,NA
"A415","CHAOURCE","AOP & AOC, FROMAGE","CODE7","Produits animaux","22","Fromage, crème, beurre de vache","cattle","milk"
"A5","CHAMPAGNE","AOP & AOC, VINS",NA,NA,NA,NA,NA,NA
"A150","CHAMBOLLEMUSIGNY","AOP & AOC, VINS",NA,NA,NA,NA,NA,NA
"A149","CHAMBERTINCLOS DE BEZE","AOP & AOC, VINS",NA,NA,NA,NA,NA,NA
"A148","CHAMBERTIN","AOP & AOC, VINS",NA,NA,NA,NA,NA,NA
"A147","CHABLIS GRAND CRU","AOP & AOC, VINS",NA,NA,NA,NA,NA,NA
"A146","CHABLIS","AOP & AOC, VINS",NA,NA,NA,NA,NA,NA
"A413","CHABICHOU DU POITOU","AOP & AOC, FROMAGE","CODE7","Produits animaux","22","Fromage, crème, beurre de vache","goats","milk"
"A906","CEVENNES","IGP, VINS",NA,NA,NA,NA,NA,NA
"A23","CERONS","AOP & AOC, VINS",NA,NA,NA,NA,NA,NA
"LA0817","CERISES","LR, FRUITS A PEPIN ET A NOYAU",NA,NA,NA,NA,NA,"fruits"
"A1146","CASSIS DE SAINTONGE","IG, EAUXDEVIE ET AUTRES ALCOOLS",NA,NA,NA,NA,NA,NA
"A818","CASSIS DE BOURGOGNE","IG, EAUXDEVIE ET AUTRES ALCOOLS",NA,NA,NA,NA,NA,NA
"A294","CASSIS","AOP & AOC, VINS",NA,NA,NA,NA,NA,NA
"LA0467","CAROTTES DES SABLES","LR, LEGUMES ET MELONS RACINES ET TUBERCULES",NA,NA,NA,NA,NA,"vegetables"
"A412","CANTAL OU FOURME DE CANTAL","AOP & AOC, FROMAGE","CODE7","Produits animaux","22","Fromage, crème, beurre de vache","cattle","milk"
"A22","CANON FRONSAC","AOP & AOC, VINS",NA,NA,NA,NA,NA,NA
"LA0904","CANETTE ET CANARD DE BARBARIE FERMIERS ELEVES EN PLEIN AIR ENTIERS ET DECOUPES FRAIS OU SURGELES","LR, VIANDES DE VOLAILLES FRAICHES CONGELEES OU SURGELEES",NA,NA,NA,NA,"poultry","meat"
"LA1289","CANARD MULARD GAVE ENTIER FOIE GRAS CRU ET PRODUITS DE DECOUPES CRUS FRAIS ET MAGRETS SURGELES","LR, ABATS COMESTIBLES DE VOLAILLES FOIE GRAS ET AUTRES PALMIPEDES GRAS",NA,NA,NA,NA,"poultry","meat"
"LA0285","CANARD FERMIER ELEVE EN PLEIN AIR ENTIER ET DECOUPES FRAIS OU SURGELE","LR, VIANDES DE VOLAILLES FRAICHES CONGELEES OU SURGELEES",NA,NA,NA,NA,"poultry","meat"
"LA0474","CANARD DE BARBARIE FERMIER ELEVE EN PLEIN AIR ENTIER ET DECOUPES FRAIS OU SURGELE","LR, VIANDES DE VOLAILLES FRAICHES CONGELEES OU SURGELEES",NA,NA,NA,NA,"poultry","meat"
"A493","CANARD A FOIE GRAS DU SUDOUEST CHALOSSE GASCOGNE GERS LANDES PERIGORD QUERCY","IGP, ABATS COMESTIBLES DE VOLAILLES FOIE GRAS ET AUTRES PALMIPEDES GRAS",NA,NA,NA,NA,"poultry","meat"
"A411","CAMEMBERT DE NORMANDIE","AOP & AOC, FROMAGE","CODE7","Produits animaux","22","Fromage, crème, beurre de vache","cattle","milk"
"A331","CALVADOS PAYS D AUGE","IG & AOC, EAUXDEVIE ET AUTRES ALCOOLS",NA,NA,NA,NA,NA,NA
"A335","CALVADOS DOMFONTAIS","IG & AOC, EAUXDEVIE ET AUTRES ALCOOLS",NA,NA,NA,NA,NA,NA
"A330","CALVADOS","IG & AOC, EAUXDEVIE ET AUTRES ALCOOLS",NA,NA,NA,NA,NA,NA
"A819","CAIRANNE","AOP & AOC, VINS",NA,NA,NA,NA,NA,NA
"LA1378","CAILLE JAUNE FERMIERE ELEVEE EN PLEIN AIR","LR, VIANDES DE VOLAILLES FRAICHES CONGELEES OU SURGELEES",NA,NA,NA,NA,"poultry","meat"
"LA2090","CAILLE FERMIERE ELEVEE EN PLEIN AIR ENTIERE ET DECOUPES FRAICHE OU SURGELEE","LR, VIANDES DE VOLAILLES FRAICHES CONGELEES OU SURGELEES",NA,NA,NA,NA,"poultry","meat"
"A21","CAHORS","AOP & AOC, VINS",NA,NA,NA,NA,NA,NA
"A20","CADILLAC","AOP & AOC, VINS",NA,NA,NA,NA,NA,NA
"A82","CABERNET D ANJOU","AOP & AOC, VINS",NA,NA,NA,NA,NA,NA
"A264","CABARDES","AOP & AOC, VINS",NA,NA,NA,NA,NA,NA
"A19","BUZET","AOP & AOC, VINS",NA,NA,NA,NA,NA,NA
"LA0710","BULBES A FLEURS DE DAHLIAS","LR, AUTRES",NA,NA,NA,NA,NA,NA
"A1019","BRULHOIS","AOP & AOC, VINS",NA,NA,NA,NA,NA,NA
"A728","BROUSSE DU ROVE","AOC, FROMAGE","CODE7","Produits animaux","22","Fromage, crème, beurre de vache","goats","milk"
"A145","BROUILLY","AOP & AOC, VINS",NA,NA,NA,NA,NA,NA
"A410","BROCCIU","AOP & AOC, FROMAGE","CODE7","Produits animaux","22","Fromage, crème, beurre de vache","sheep","milk"
"A409","BRIE DE MELUN","AOP & AOC, FROMAGE","CODE7","Produits animaux","22","Fromage, crème, beurre de vache","cattle","milk"
"A408","BRIE DE MEAUX","AOP & AOC, FROMAGE","CODE7","Produits animaux","22","Fromage, crème, beurre de vache","cattle","milk"
"A245","BOUZERON","AOP & AOC, VINS",NA,NA,NA,NA,NA,NA
"A81","BOURGUEIL","AOP & AOC, VINS",NA,NA,NA,NA,NA,NA
"A144","BOURGOGNE PASSETOUTGRAINS","AOP & AOC, VINS",NA,NA,NA,NA,NA,NA
"A140","BOURGOGNE ALIGOTE","AOP & AOC, VINS",NA,NA,NA,NA,NA,NA
"A138","BOURGOGNE","AOP & AOC, VINS",NA,NA,NA,NA,NA,NA
"A585","BORDEAUX SUPERIEUR","AOP & AOC, VINS",NA,NA,NA,NA,NA,NA
"A14","BORDEAUX","AOP & AOC, VINS",NA,NA,NA,NA,NA,NA
"A80","BONNEZEAUX","AOP & AOC, VINS",NA,NA,NA,NA,NA,NA
"A137","BONNESMARES","AOP & AOC, VINS",NA,NA,NA,NA,NA,NA
"A680","BOIS DE CHARTREUSE","AOC, AUTRES",NA,NA,NA,NA,NA,NA
"A491","BOEUF DU MAINE","IGP, VIANDES DE BOUCHERIE ET PRODUITS D ABATTAGE",NA,NA,NA,NA,"cattle","meat"
"A617","BOEUF DE VENDEE","IGP, VIANDES DE BOUCHERIE ET PRODUITS D ABATTAGE",NA,NA,NA,NA,"cattle","meat"
"A655","BOEUF DE CHAROLLES","AOP & AOC, VIANDES DE BOUCHERIE ET PRODUITS D ABATTAGE",NA,NA,NA,NA,"cattle","meat"
"A490","BOEUF DE CHALOSSE","IGP, VIANDES DE BOUCHERIE ET PRODUITS D ABATTAGE",NA,NA,NA,NA,"cattle","meat"
"A619","BOEUF DE BAZAS","IGP, VIANDES DE BOUCHERIE ET PRODUITS D ABATTAGE",NA,NA,NA,NA,"cattle","meat"
"A556","BOEUF CHAROLAIS DU BOURBONNAIS","IGP, VIANDES DE BOUCHERIE ET PRODUITS D ABATTAGE",NA,NA,NA,NA,"cattle","meat"
"A442","BLEU DU VERCORSSASSENAGE","AOP & AOC, FROMAGE","CODE7","Produits animaux","22","Fromage, crème, beurre de vache","cattle","milk"
"A406","BLEU DES CAUSSES","AOP & AOC, FROMAGE","CODE7","Produits animaux","22","Fromage, crème, beurre de vache","cattle","milk"
"A407","BLEU DE GEX HAUT JURA OU BLEU DE SEPTMONCEL","AOP & AOC, FROMAGE","CODE7","Produits animaux","22","Fromage, crème, beurre de vache","cattle","milk"
"A405","BLEU D AUVERGNE","AOP & AOC, FROMAGE","CODE7","Produits animaux","22","Fromage, crème, beurre de vache","cattle","milk"
"A13","BLAYE","AOP & AOC, VINS",NA,NA,NA,NA,NA,NA
"A136","BLAGNY","AOP & AOC, VINS",NA,NA,NA,NA,NA,NA
"A135","BIENVENUESBATARDMONTRACHET","AOP & AOC, VINS",NA,NA,NA,NA,NA,NA
"A639","BEURRE DE BRESSE","AOP & AOC, BEURRE","CODE7","Produits animaux","22","Fromage, crème, beurre de vache","cattle","milk"
"A440","BEURRE D ISIGNY","AOP & AOC, BEURRE","CODE7","Produits animaux","22","Fromage, crème, beurre de vache","cattle","milk"
"A437","BEURRE CHARENTESPOITOU","AOP & AOC, BEURRE","CODE7","Produits animaux","22","Fromage, crème, beurre de vache","cattle","milk"
"LA0597","BETTERAVES ROUGES CUITES SOUS VIDE","LR, AUTRES PREPARATIONS ET CONSERVES A BASE DE FRUITS ET LEGUMES",NA,NA,NA,NA,NA,"vegetables"
"LA0898","BETTERAVES ROUGES CUITES SOUS VIDE","LR, AUTRES PREPARATIONS ET CONSERVES A BASE DE FRUITS ET LEGUMES",NA,NA,NA,NA,NA,"vegetables"
"LA2199","BETTERAVES ROUGES CUITES SOUS VIDE","LR, AUTRES PREPARATIONS ET CONSERVES A BASE DE FRUITS ET LEGUMES",NA,NA,NA,NA,NA,"vegetables"
"A10","BERGERAC","AOP & AOC, VINS",NA,NA,NA,NA,NA,NA
"A293","BELLET OU VIN DE BELLET","AOP & AOC, VINS",NA,NA,NA,NA,NA,NA
"A134","BEAUNE","AOP & AOC, VINS",NA,NA,NA,NA,NA,NA
"A1097","BEAUMES DE VENISE","AOP & AOC, VINS",NA,NA,NA,NA,NA,NA
"A1032","BEAUJOLAIS","AOP & AOC, VINS",NA,NA,NA,NA,NA,NA
"A404","BEAUFORT","AOP & AOC, FROMAGE","CODE7","Produits animaux","22","Fromage, crème, beurre de vache","cattle","milk"
"A9","BEARN","AOP & AOC, VINS",NA,NA,NA,NA,NA,NA
"A593","BEA DU ROUSSILLON","AOP & AOC, LEGUMES ET MELONS RACINES ET TUBERCULES",NA,NA,NA,NA,"vegetables","vegetables"
"A130","BATARDMONTRACHET","AOP & AOC, VINS",NA,NA,NA,NA,NA,NA
"A8","BARSAC","AOP & AOC, VINS",NA,NA,NA,NA,NA,NA
"A545","BAREGESGAVARNIE","AOP & AOC, VIANDES DE BOUCHERIE ET PRODUITS D ABATTAGE",NA,NA,NA,NA,"sheep","meat"
"A303","BANYULS GRAND CRU","AOP & AOC, VINS",NA,NA,NA,NA,NA,NA
"A302","BANYULS","AOP & AOC, VINS",NA,NA,NA,NA,NA,NA
"A480","BANON","AOP & AOC, FROMAGE","CODE7","Produits animaux","22","Fromage, crème, beurre de vache","goats","milk"
"A292","BANDOL","AOP & AOC, VINS",NA,NA,NA,NA,NA,NA
"A884","AVEYRON","IGP, VINS",NA,NA,NA,NA,NA,NA
"A129","AUXEYDURESSES","AOP & AOC, VINS",NA,NA,NA,NA,NA,NA
"A876","AUDE","IGP, VINS",NA,NA,NA,NA,NA,NA
"A864","ATLANTIQUE","IGP, VINS",NA,NA,NA,NA,NA,NA
"A751","ASPERGES DU BLAYAIS","IGP, LEGUMES ET MELONS RACINES ET TUBERCULES",NA,NA,NA,NA,NA,"vegetables"
"A588","ASPERGE DES SABLES DES LANDES","IGP, LEGUMES ET MELONS RACINES ET TUBERCULES",NA,NA,NA,NA,NA,"vegetables"
"A800","ARTICHAUT DU ROUSSILLON","IGP, LEGUMES ET MELONS RACINES ET TUBERCULES",NA,NA,NA,NA,NA,"vegetables"
"A1075","ARMAGNAC","IG & AOC, EAUXDEVIE ET AUTRES ALCOOLS",NA,NA,NA,NA,NA,NA
"A875","ARIEGE","IGP, VINS",NA,NA,NA,NA,NA,NA
"A872","ARDECHE","IGP, VINS",NA,NA,NA,NA,NA,NA
"A127","ARBOIS","AOP & AOC, VINS",NA,NA,NA,NA,NA,NA
"A77","ANJOUCOTEAUX DE LA LOIRE","AOP & AOC, VINS",NA,NA,NA,NA,NA,NA
"A79","ANJOU VILLAGES","AOP & AOC, VINS",NA,NA,NA,NA,NA,NA
"A124","ANJOU BRISSAC","AOP & AOC, VINS",NA,NA,NA,NA,NA,NA
"A76","ANJOU","AOP & AOC, VINS",NA,NA,NA,NA,NA,NA
"A1","ALSACE OU VIN D ALSACE","AOP & AOC, VINS",NA,NA,NA,NA,NA,NA
"AS1187","ALSACE GRAND CRU TOUTES APPELLATIONS","AOP & AOC, VINS",NA,NA,NA,NA,NA,NA
"A887","ALPILLES","IGP, VINS",NA,NA,NA,NA,NA,NA
"A871","ALPESMARITIMES","IGP, VINS",NA,NA,NA,NA,NA,NA
"A869","ALPESDEHAUTEPROVENCE","IGP, VINS",NA,NA,NA,NA,NA,NA
"A126","ALOXECORTON","AOP & AOC, VINS",NA,NA,NA,NA,NA,NA
"A291","AJACCIO","AOP & AOC, VINS",NA,NA,NA,NA,NA,NA
"A654","AIL VIOLET DE CADOURS","AOP & AOC, LEGUMES ET MELONS RACINES ET TUBERCULES",NA,NA,NA,NA,"vegetables","vegetables"
"A488","AIL ROSE DE LAUTREC","IGP, LEGUMES ET MELONS RACINES ET TUBERCULES",NA,NA,NA,NA,NA,"vegetables"
"LA0266","AIL ROSE","LR, LEGUMES ET MELONS RACINES ET TUBERCULES",NA,NA,NA,NA,NA,"vegetables"
"A785","AIL FUME D ARLEUX","IGP, LEGUMES ET MELONS RACINES ET TUBERCULES",NA,NA,NA,NA,NA,"vegetables"
"A611","AIL DE LA DROME","IGP, LEGUMES ET MELONS RACINES ET TUBERCULES",NA,NA,NA,NA,NA,"vegetables"
"A621","AIL BLANC DE LOMAGNE","IGP, LEGUMES ET MELONS RACINES ET TUBERCULES",NA,NA,NA,NA,NA,"vegetables"
"A486","AGNEAU DU QUERCY","IGP, VIANDES DE BOUCHERIE ET PRODUITS D ABATTAGE",NA,NA,NA,NA,"sheep","meat"
"A569","AGNEAU DU POITOUCHARENTES","IGP, VIANDES DE BOUCHERIE ET PRODUITS D ABATTAGE",NA,NA,NA,NA,"sheep","meat"
"A610","AGNEAU DU PERIGORD","IGP, VIANDES DE BOUCHERIE ET PRODUITS D ABATTAGE",NA,NA,NA,NA,"sheep","meat"
"A485","AGNEAU DU LIMOUSIN","IGP, VIANDES DE BOUCHERIE ET PRODUITS D ABATTAGE",NA,NA,NA,NA,"sheep","meat"
"A555","AGNEAU DU BOURBONNAIS","IGP, VIANDES DE BOUCHERIE ET PRODUITS D ABATTAGE",NA,NA,NA,NA,"sheep","meat"
"A602","AGNEAU DE SISTERON","IGP, VIANDES DE BOUCHERIE ET PRODUITS D ABATTAGE",NA,NA,NA,NA,"sheep","meat"
"A568","AGNEAU DE PAUILLAC","IGP, VIANDES DE BOUCHERIE ET PRODUITS D ABATTAGE",NA,NA,NA,NA,"sheep","meat"
"A612","AGNEAU DE LOZERE","IGP, VIANDES DE BOUCHERIE ET PRODUITS D ABATTAGE",NA,NA,NA,NA,"sheep","meat"
"A616","AGNEAU DE LAIT DES PYRENEES","IGP, VIANDES DE BOUCHERIE ET PRODUITS D ABATTAGE",NA,NA,NA,NA,"sheep","meat"
"A483","AGNEAU DE L AVEYRON","IGP, VIANDES DE BOUCHERIE ET PRODUITS D ABATTAGE",NA,NA,NA,NA,"sheep","meat"
"A941","AGENAIS","IGP, VINS",NA,NA,NA,NA,NA,NA
"A743","ABRICOTS ROUGES DU ROUSSILLON","AOP & AOC, FRUITS A PEPIN ET A NOYAU",NA,NA,NA,NA,"fruits","fruits"
"LA0401","ABRICOT","LR, FRUITS A PEPIN ET A NOYAU",NA,NA,NA,NA,NA,"fruits"
"A1179","ABONDANCE","AOP & AOC, FROMAGE","CODE7","Produits animaux","22","Fromage, crème, beurre de vache","cattle","milk"
