"feed_tables","DM %","CP %","CF %","CFat %","Ash %","Insol. ash %","NDF %","ADF %","Lignin %","WICW %","Starch %","Starch (enz.) %","Sugars %","Lactose %","GE kcal/kg","GE MJ/kg"
"Alfalfa_protein_concentrate",100,56.6,2,9,10.8,0.8,18.6,4.2,1.6,10.3,0.9,0.3,0.7,NA,5230,21.9
"Alfalfa,_dehydrated,_protein_<_16%_dry_matter",100,15.4,30.6,2.3,11.6,0.8,46.7,34.5,8.8,47.7,2.7,0.1,3.9,NA,4400,18.4
"Alfalfa,_dehydrated,_protein_>_25%_dry_matter",100,26.4,24.3,3.9,12.9,0.8,40.9,28.5,7.7,42.6,2.9,0.1,4.4,NA,4560,19.1
"Alfalfa,_dehydrated,_protein_16-18%_dry_matter",100,17,30.2,2.4,12,0.6,46.4,34.2,8.7,47.4,3.1,0.1,4.4,NA,4410,18.5
"Alfalfa,_dehydrated,_protein_17-19%_dry_matter",100,17.9,28.9,2.5,12.3,0.6,45.2,32.9,8.5,46.3,3.1,0.1,4.4,NA,4420,18.5
"Alfalfa,_dehydrated,_protein_19-22%_dry_matter",100,20.1,25.4,3,13.1,0.9,41.9,29.5,7.9,43.5,3.1,0.1,3.5,NA,4420,18.5
"Alfalfa,_dehydrated,_protein_22-25%_dry_matter",100,23.1,22.7,3.3,13,1,39.5,27,7.4,41.3,3.2,0.1,4.4,NA,4490,18.8
"Ammonium_ferric_citrate",100,0,0,0,100,0,0,0,0,0,0,0,0,NA,0,0
"Ammonium_molybdate_tetrahydrate",100,0,0,0,100,0,0,0,0,0,0,0,0,NA,0,0
"Apple_pomace,_dried",100,8,29,3.3,2.3,0.3,54.8,45.9,20.3,69,8.5,2.3,6.6,NA,4600,19.2
"Bakery_byproduct",100,12.5,0.8,5.8,2.8,0.2,7.1,1.4,0.5,6.5,56.6,54.3,14.5,NA,4590,19.2
"Bananas,_immature,_dried",100,4.7,3.6,1.4,4.6,0.1,10.1,6.7,3.6,9.2,72.5,73.7,2,NA,4050,17
"Barley",100,11.3,5.4,1.9,2.5,0.5,21.5,6.5,1.2,17.5,59.9,58.2,2.5,NA,4380,18.3
"Barley_distillers_grains,_dried",100,28.2,11.1,7.3,5.3,1.1,42.9,17.8,3.5,39.5,2.8,2.7,3.5,NA,5040,21.1
"Barley_distillers_grains,_whisky_production,_fresh",100,20.2,18,7.7,3.4,0.9,65.1,27.6,5.9,61.2,1.8,1.7,0.5,NA,5100,21.3
"Barley_rootlets,_dried",100,22.6,13.9,1.8,5.9,1.3,44.6,16.5,2.6,42.3,16.5,16,11,NA,4390,18.4
"Beet_pulp,_dried",100,8.9,19.3,0.9,7.1,1.5,47,23.7,2.7,64.8,1,0.5,7.8,NA,4080,17.1
"Beet_pulp,_pressed",100,8.7,20.8,0.5,6.8,1.5,49.5,24.8,1.8,66.9,0.5,0.4,5.2,NA,4080,17.1
"Biscuit_byproduct",100,10.2,1.1,12.4,2.5,0.2,8.3,1.7,0.6,7.6,44.3,42.5,21.7,NA,4910,20.6
"Black_soldier_fly_larvae,_fat_<_20%,_dried",100,56.6,16.1,12,12.8,0.6,24,13.3,1.7,23.2,0.9,0,4.7,NA,5180,21.7
"Black_soldier_fly_larvae,_fat_>_20%,_dried",100,41.1,9.4,35.5,11.7,0.6,17.4,9.2,2.7,16.6,0.9,0,0,NA,6170,25.8
"Blood_meal",100,93.9,0.8,2,3.3,0.2,0,0,0,0,0,0,0,NA,5750,24.1
"Brewers_grains,_dried",100,26.2,15.7,8.6,4.5,0.9,57.3,22.1,5.6,53.6,7,6.8,1.3,NA,4960,20.7
"Brewers_yeast,_dried",100,47.6,1.9,4,7,0.6,8.3,2.4,0.7,7.5,8.6,6.5,1.9,NA,4740,19.8
"Buckwheat_hulls",100,7.1,48.7,1,2.6,0.4,82.7,64.7,28.2,89,3,0.6,1,NA,4630,19.4
"Ca_Al_Fe_phosphate",100,0,0,0,100,1.1,0,0,0,0,0,0,0,NA,0,0
"Calcium_carbonate",100,0,0,0,99.5,1,0,0,0,0,0,0,0,NA,0,0
"Calcium_chloride_anhydrous",100,0,0,0,100,0,0,0,0,0,0,0,0,NA,0,0
"Calcium_chloride_dihydrate",100,0,0,0,100,0,0,0,0,0,0,0,0,NA,0,0
"Calcium_iodate_anhydrous",100,0,0,0,100,0,0,0,0,0,0,0,0,NA,0,0
"Calcium_iodate_hexahydrate",100,0,0,0,100,0,0,0,0,0,0,0,0,NA,0,0
"Calcium_iodide",100,0,0,0,100,0,0,0,0,0,0,0,0,NA,0,0
"Calcium_magnesium_phosphate",100,0,0,0,100,1.1,0,0,0,0,0,0,0,NA,0,0
"Calcium_selenite",100,0,0,0,100,0,0,0,0,0,0,0,0,NA,0,0
"Calcium_sulfate_anhydrous",100,0,0,0,100,0,0,0,0,0,0,0,0,NA,0,0
"Calcium_sulfate_dihydrate",100,0,0,0,100,0,0,0,0,0,0,0,0,NA,0,0
"Camelina_oil_meal,_oil_>_5%",100,37.9,12.2,13.5,6,0.3,25.3,17,7.6,31.1,6.6,1.6,4.4,NA,5250,22
"Canola_meal,_oil_<_5%",100,41,12.7,3.6,7.8,0.3,27.8,18.2,8.2,33,7.5,1.6,10.5,NA,4700,19.7
"Carob_pod_meal",100,5,10.3,0.7,3.5,0.01,33.7,31.5,18,40.9,1.6,0.7,45.4,NA,4190,17.5
"Cassava_pulp,_dried",100,2.3,17.3,0.7,4,1.5,36.9,18.6,3.9,36,53.4,NA,3.3,NA,4190,17.6
"Cassava,_starch_66-70%",100,2.9,4.3,0.7,4.5,1.4,8.9,6,1.6,8.1,78.3,75,2.4,NA,4010,16.8
"Cassava,_starch_70-74%",100,2.8,3.4,0.7,3.1,0.7,7.6,4.8,1.2,6.8,82.2,78.8,2.7,NA,4060,17
"Cereal_offal,_crude_fibre_>_14%",100,11.1,18.2,6.1,7.9,3,56.1,30.9,5.4,55.1,24.6,20.8,7.8,NA,4510,18.9
"Cereal_offal,_crude_fibre_5-14%",100,11.7,13.3,5.3,6.7,2.3,37.4,14.4,3.4,36.6,34.7,30.1,7.3,NA,4490,18.8
"Chickpea,_kabuli_type",100,21.3,3.9,6.3,3.3,0.1,11.3,4.5,0.2,11.7,50.2,35.1,6,NA,4670,19.6
"Chicory_pulp,_dehydrated",100,8.7,21.2,1.7,7.1,2.7,35.9,28,17.5,35.1,0,0,9.8,NA,4140,17.3
"Citrus_pulp,_dried",100,7,14,2.5,6.9,0.3,21.6,15.9,2.5,48,6.6,0.05,24.4,NA,4190,17.6
"Citrus_pulp,_fresh",100,6.5,12.1,4.3,4.4,0.3,19.7,14.3,2,11.9,4.4,0.05,25.8,NA,4380,18.3
"Cobalt_carbonate_FG",100,0,0,0,100,0,0,0,0,0,0,0,0,NA,0,0
"Cobalt_glucoheptonate",100,0,0,0,100,0,0,0,0,0,0,0,0,NA,0,0
"Cobalt_oxide_FG",100,0,0,0,100,0,0,0,0,0,0,0,0,NA,0,0
"Cobalt_selenite",100,0,0,0,100,0,0,0,0,0,0,0,0,NA,0,0
"Cobalt_sulfate_heptahydrate",100,0,0,0,100,0,0,0,0,0,0,0,0,NA,0,0
"Cocoa_hulls",100,17.8,20.7,6,9.4,0.8,46.5,36.3,18.3,45.6,7.8,2.5,1,NA,4490,18.8
"Cocoa_meal,_oil_<_5%",100,27.6,15.4,1,10.8,1.5,41.7,31.2,16.3,40.8,11.4,8,0.9,NA,4260,17.8
"Cod_liver_oil",100,0,0,100,0,0,0,0,0,0,0,0,0,NA,9380,39.3
"Common_bean",100,24.9,5.2,1.6,4.6,0.07,13.3,7.4,0.2,15,40.7,37.8,4.9,NA,4350,18.2
"Common_vetch",100,28.3,4.8,1.3,3.8,0.1,21.5,8.4,1.7,15.4,42.5,43.5,1.8,NA,4410,18.5
"Copper_acetate",100,0,0,0,100,0,0,0,0,0,0,0,0,NA,0,0
"Copper_carbonate",100,0,0,0,100,0,0,0,0,0,0,0,0,NA,0,0
"Copper_chloride_dihydrate",100,0,0,0,100,0,0,0,0,0,0,0,0,NA,0,0
"Copper_chloride_tribasic",100,0,0,0,100,0,0,0,0,0,0,0,0,NA,0,0
"Copper_citrate",100,0,0,0,100,0,0,0,0,0,0,0,0,NA,0,0
"Copper_lysine",100,0,0,0,100,0,0,0,0,0,0,0,0,NA,0,0
"Copper_methionine",100,0,0,0,100,0,0,0,0,0,0,0,0,NA,0,0
"Copper_oxide",100,0,0,0,100,0,0,0,0,0,0,0,0,NA,0,0
"Copper_proteinate",100,0,0,0,100,0,0,0,0,0,0,0,0,NA,0,0
"Copper_sulfate",100,0,0,0,100,0,0,0,0,0,0,0,0,NA,0,0
"Copra_meal,_oil_<_5%",100,23.4,13.6,3.6,7.1,0.6,53.6,27.5,6.3,42.9,0.3,1.6,11,NA,4480,18.8
"Copra_meal,_oil_5-20%",100,22.4,14.1,10.1,6.8,0.4,53.8,27.8,6.4,43.4,0.4,0.9,11.1,NA,4830,20.2
"Copra_oil",100,0,0,100,0,0,0,0,0,0,0,0,0,NA,9380,39.3
"Corn_gluten_feed",100,21.6,9,2.8,6.5,1.2,39.9,10.6,1.3,39.3,20.5,17.1,1.9,NA,4470,18.7
"Corn_gluten_meal",100,67.8,1.5,6.6,2,0.1,4,1.4,0.2,3.9,17.1,13.7,0.5,NA,5720,23.9
"Cottonseed_hulls",100,5.2,52.6,3.1,3.1,0.2,84.8,65.3,18.1,93.5,4.2,0,0,NA,4730,19.8
"Cottonseed_meal,_oil_<_5%,_crude_fibre_<_15%",100,47,12.9,2.7,7.3,0.2,26.8,17.8,6,30.4,3.2,1.9,5.2,NA,4890,20.5
"Cottonseed_meal,_oil_<_5%,_crude_fibre_15-20%",100,40.7,19,2.8,7.1,0.1,35.8,25.1,7.9,40.1,5.6,1.9,2.1,NA,4860,20.4
"Cottonseed_meal,_oil_5-20%,_crude_fibre_<_15%",100,45.5,10.5,10.2,7.3,0.3,23.3,14.9,5.3,26.5,3.1,1.8,5,NA,5230,21.9
"Cottonseed_meal,_oil_5-20%,_crude_fibre_15-20%",100,36.6,19.3,8.1,6.3,0.4,36.1,25.4,8,40.5,1.9,1.8,5,NA,5110,21.4
"Cottonseed,_whole",100,22,27.6,19.8,4.3,0.1,45.6,35.4,10.5,53.8,2.1,1,2.1,NA,5680,23.8
"Cottonseed,_whole,_extruded",100,22,27.6,19.8,4.3,0.1,45.6,35.4,10.5,53.8,2.1,1,2.1,NA,5680,23.8
"Cowpea_seed",100,25,4.7,1.5,4.3,0.1,14.4,6.2,0.5,13.5,47,44.2,4.6,NA,4350,18.2
"Diammonium_phosphate",100,0,0,0,100,0,0,0,0,0,0,0,0,NA,0,0
"Dicalcium_phosphate_anhydrous",100,0,0,0,91.3,1.1,0,0,0,0,0,0,0,NA,0,0
"Dicalcium_phosphate_dihydrate",100,0,0,0,91.9,1.1,0,0,0,0,0,0,0,NA,0,0
"Diiodosalicylic_acid",100,0,0,0,0.2,0,0,0,0,0,0,0,0,NA,0,0
"Disodium_phosphate_anhydrous",100,0,0,0,100,0,0,0,0,0,0,0,0,NA,0,0
"Disodium_phosphate_hydrate",100,0,0,0,100,0,0,0,0,0,0,0,0,NA,0,0
"DL-methionine",100,58.7,0,0,0,0,0,0,0,0,0,0,0,NA,5670,23.7
"Dolomite_limestone",100,0,0,0,97.2,0,0,0,0,0,0,0,0,NA,0,0
"Ethylenediamine_dihydroiodide",100,0,0,0,0.3,0,0,0,0,0,0,0,0,NA,0,0
"Faba_bean,_coloured_flowers",100,29.5,9,1.5,3.8,0.1,15.5,11.2,0.9,18.4,44.2,39.6,3.4,NA,4480,18.7
"Faba_bean,_coloured_flowers,_extruded",100,29.5,9,1.5,3.8,0.1,15.5,11.2,0.9,18.4,44.2,39.6,3.4,NA,4480,18.7
"Faba_bean,_white_flowers",100,31.1,8.6,1.2,4,0.1,15,10.3,0.8,17.5,43.1,35.1,4.1,NA,4470,18.7
"Feather_meal",100,85.7,1.4,9.2,5.6,0.3,7.3,5.5,0,6.4,0,0,0.3,NA,5640,23.6
"Ferric_chloride",100,0,0,0,100,0,0,0,0,0,0,0,0,NA,0,0
"Ferric_citrate",100,0,0,0,100,0,0,0,0,0,0,0,0,NA,0,0
"Ferric_phosphate",100,0,0,0,100,0,0,0,0,0,0,0,0,NA,0,0
"Ferric_polyphosphate",100,0,0,0,100,0,0,0,0,0,0,0,0,NA,0,0
"Ferric_pyrophosphate",100,0,0,0,100,0,0,0,0,0,0,0,0,NA,0,0
"Ferric_sodium_pyrophosphate",100,0,0,0,100,0,0,0,0,0,0,0,0,NA,0,0
"Ferrous_carbonate",100,0,0,0,100,0,0,0,0,0,0,0,0,NA,0,0
"Ferrous_chloride",100,0,0,0,100,0,0,0,0,0,0,0,0,NA,0,0
"Ferrous_sulfate_monohydrate",100,0,0,0,100,0,0,0,0,0,0,0,0,NA,0,0
"Ferrous_sulphate_heptahydrate",100,0,0,0,100,0,0,0,0,0,0,0,0,NA,0,0
"Fish_meal,_protein_62%",100,67.8,0,10.3,19.3,0.6,5.8,0.7,0.2,4.9,0,0,0,NA,4820,20.2
"Fish_meal,_protein_65%",100,70.7,0,10,18.2,0.5,5.8,0.5,0.2,4.9,0,0,0,NA,4890,20.5
"Fish_meal,_protein_70%",100,74.8,0,9.8,15.2,0.5,5.8,0.3,0.2,4.9,0,0,0,NA,5080,21.3
"Fish_oil,_anchovy",100,0,0,100,0,0,0,0,0,0,0,0,0,NA,9380,39.3
"Fish_oil,_capelin",100,0,0,100,0,0,0,0,0,0,0,0,0,NA,9380,39.3
"Fish_oil,_herring",100,0,0,100,0,0,0,0,0,0,0,0,0,NA,9380,39.3
"Fish_oil,_menhaden",100,0,0,100,0,0,0,0,0,0,0,0,0,NA,9380,39.3
"Fish_oil,_rockfish",100,0,0,100,0,0,0,0,0,0,0,0,0,NA,9380,39.3
"Fish_oil,_salmon",100,0,0,100,0,0,0,0,0,0,0,0,0,NA,9380,39.3
"Fish_oil,_sardine",100,0,0,100,0,0,0,0,0,0,0,0,0,NA,9380,39.3
"Fish_solubles,_condensed,_defatted",100,84.4,0.1,11,7.3,0.2,0,0,0,0,0,0,0,NA,5630,23.6
"Fish_solubles,_condensed,_fat",100,78,0,21.8,6.7,0.2,0,0,0,0,0,0,0,NA,6130,25.7
"Fodder_beet,_raw",100,7.9,6,0.5,10.6,4,16,9.5,0.9,15.1,0,0,65.8,NA,3870,16.2
"Grape_pomace,_dried",100,13.6,24.7,6,7.4,1.5,60.8,52.6,33.7,59.9,1.1,0.9,2.2,NA,4550,19.1
"Grape_pulp,_dried",100,13.4,20.7,5.4,8.3,1.7,51.4,43.6,28.3,50.6,1.1,0.9,10.3,NA,4440,18.6
"Grape_seeds",100,10,42.4,12.7,3.3,1.2,69.5,59.1,44.2,68.7,2.1,0.09,1.2,NA,5190,21.7
"Grapeseed_oil_meal",100,11.7,48.6,1.6,4,1.2,73.6,64.9,45.4,86.1,2.5,0.09,0.7,NA,4670,19.5
"Grass,_dehydrated",100,16.2,26,3.4,8.6,2.2,54.2,30.7,3.7,53.4,1.2,2.1,10.1,NA,4460,18.7
"Groundnut_meal,_oil_<_5%,_crude_fibre_<_9%",100,55.3,7.6,2.6,7,0.9,18.6,10.5,3.3,17.8,7.7,6.7,10.7,NA,4850,20.3
"Groundnut_meal,_oil_<_5%,_crude_fibre_>_9%",100,53.9,13.5,1.1,6.4,1,25.2,16.5,5.8,24.4,8.7,5.3,9.1,NA,4830,20.2
"Groundnut_meal,_oil_5-20%",100,48.4,7.2,10.1,5.9,0.9,18.2,10.1,3.1,17.3,8.8,5.3,10.4,NA,5180,21.7
"Jatropha_oil_meal,_oil_<_5%,_dehulled,_detoxified",100,68.7,6,1.8,11,0.9,13.7,6.8,0.2,12.8,9.6,1.1,3.4,NA,4810,20.1
"L-lysine_HCl",100,95.9,0,0,0,0,0,0,0,0,0,0,0,NA,4810,20.1
"L-threonine",100,73.5,0,0,0,0,0,0,0,0,0,0,0,NA,4140,17.3
"L-tryptophan",100,84.3,0,0,0,0,0,0,0,0,0,0,0,NA,6530,27.3
"L-valine",100,73.2,0,0,0,0,0,0,0,0,0,0,0,NA,5920,24.8
"Lard",100,0,0,99.5,0,0,0,0,0,0,0,0,0,NA,9380,39.3
"Lentils",100,26.4,4.9,1.5,3.5,0.3,14.3,5.4,1.6,14.1,45.3,43.5,4.8,NA,4410,18.5
"Limestone",100,0,0,0,97.2,0,0,0,0,0,0,0,0,NA,0,0
"Linseed_meal,_oil_<_5%",100,36.4,11.3,3.9,6.5,0.9,24.8,15.6,6.7,23.9,9.4,1.4,5.1,NA,4650,19.5
"Linseed_meal,_oil_>_5%",100,35.4,9.7,10.7,6.3,0.5,23.7,15,6.2,22.8,7.2,1.4,4.3,NA,4990,20.9
"Linseed,_whole",100,22.5,9.9,37.6,4.2,0.1,25.9,14.1,5.8,18,6,1.5,2.9,NA,6460,27
"Linseed,_whole,_extruded",100,22.5,9.9,37.6,4.2,0.1,25.9,14.1,5.8,18,6,1.5,2.9,NA,6460,27
"Liquid_potato_feed",100,12.8,4.7,1.3,7.1,2.4,11,5.9,1.6,10.1,45.5,43.5,2.1,NA,4020,16.8
"Lupin,_blue",100,33.3,15.9,5.9,3.5,0.08,23.8,18.9,1.2,36,4.7,0.4,5.8,NA,4840,20.3
"Lupin,_white",100,38,13.2,9.6,4,0.07,21.5,16,1,33.9,7,0.7,6.8,NA,5060,21.2
"Lupin,_white,_extruded",100,38,13.2,9.6,4,0.07,21.5,16,1,33.9,7,0.7,6.8,NA,5060,21.2
"Magnesium_acetate",100,0,0,0,100,0,0,0,0,0,0,0,0,NA,0,0
"Magnesium_carbonate_RG",100,0,0,0,100,0,0,0,0,0,0,0,0,NA,0,0
"Magnesium_citrate",100,0,0,0,100,0,0,0,0,0,0,0,0,NA,0,0
"Magnesium_hydroxide",100,0,0,0,100,0,0,0,0,0,0,0,0,NA,0,0
"Magnesium_lactate",100,0,0,0,100,0,0,0,0,0,0,0,0,NA,0,0
"Magnesium_oxide",100,0,0,0,99.3,0,0,0,0,0,0,0,0,NA,0,0
"Magnesium_oxide,_granular",100,0,0,0,99.3,0,0,0,0,0,0,0,0,NA,0,0
"Magnesium_oxide,_powder",100,0,0,0,99.3,0,0,0,0,0,0,0,0,NA,0,0
"Magnesium_phosphate",100,0,0,0,87.9,1.1,0,0,0,0,0,0,0,NA,0,0
"Magnesium_sulfate_heptahydrate_RG",100,0,0,0,100,0,0,0,0,0,0,0,0,NA,0,0
"Magnesium_sulfate_monohydrate_RG",100,0,0,0,100,0,0,0,0,0,0,0,0,NA,0,0
"Maize",100,8.8,2.6,4.1,1.4,0.06,12.4,3.1,0.6,9.6,73.9,68.8,2,NA,4450,18.6
"Maize_bran",100,11.3,8.6,4.7,4.5,0.8,39.3,10.6,1.7,41.8,38.6,35.9,2.8,NA,4570,19.1
"Maize_bran,_starch_production",100,12.3,11.7,2.7,2.1,0.4,51.8,13.9,1.3,49.5,33.4,31.1,0.9,NA,4480,18.7
"Maize_distillers_grains_and_solubles,_oil_<_6_%,_dried",100,27.9,8.4,5.1,6.8,0.7,36.1,10.9,2.3,36.7,13.5,12.5,0.9,NA,4590,19.2
"Maize_distillers_grains_with_solubles,_ethanol_production,_dried",100,30.4,7.9,14,4.9,0.5,35.6,10.5,3,34.8,5,4.3,2.9,NA,5180,21.7
"Maize_flour_byproduct,_protein_8-18%,_oil_<5%",100,15.5,8,2.4,5,0.06,36.8,10,1.6,35.8,37.1,34.5,6.8,NA,4340,18.2
"Maize_flour_byproduct,_protein_8-18%,_oil_14-30%",100,15.3,5.9,22.9,6,0.08,28.6,7.7,1.2,28,29.3,27.2,7.5,NA,5350,22.4
"Maize_flour_byproduct,_protein_8-18%,_oil_5-14%",100,14.1,5.8,8,4.3,2.1,28.5,7.7,1.2,27.9,42.8,39.8,5.4,NA,4630,19.4
"Maize_flour,_crude_fibre_<_2%",100,8.1,1.1,2.8,0.8,0.07,4.4,1.4,0.4,10.7,79.7,74.2,0.8,NA,4460,18.7
"Maize_flour,_crude_fibre_2-10%",100,10.4,4.9,7.8,2.5,0.09,21.1,5.8,1,24.4,56.4,52.4,2.8,NA,4710,19.7
"Maize_germ_meal,_oil_<_5%",100,27,10.1,2.7,3.4,1.8,42.6,11.9,2.3,43.6,20.3,18.9,1,NA,4620,19.4
"Maize_germ_meal,_oil_5-20%",100,26.4,9.5,9.6,2.2,0.1,40.6,11.2,2.7,41.2,22.6,21,0.7,NA,5020,21
"Maize_germs",100,13.5,8.6,48.4,1.3,0.08,37.8,10.3,2.2,37.9,12,11.2,0.4,NA,6900,28.9
"Maize_starch",100,0.8,0.2,0.4,0.2,0,0,0,0,0,95,95,0,NA,4180,17.5
"Maize,_extruded",100,8.8,2.6,4.1,1.4,0.06,12.4,3.1,0.6,9.6,73.9,68.8,2,NA,4450,18.6
"Maize,_flaked",100,8.8,2.6,4.1,1.4,0.06,12.4,3.1,0.6,9.6,73.9,68.8,2,NA,4450,18.6
"Maize,_high_moisture",100,9.2,2.6,3.9,1.6,0.06,12.4,3.1,0.6,9.6,73.7,68.6,2,NA,4440,18.6
"Manganese_carbonate",100,0,0,0,100,0,0,0,0,0,0,0,0,NA,0,0
"Manganese_chloride_dihydrate",100,0,0,0,100,0,0,0,0,0,0,0,0,NA,0,0
"Manganese_chloride_tetrahydrate",100,0,0,0,100,0,0,0,0,0,0,0,0,NA,0,0
"Manganese_methionine",100,0,0,0,100,0,0,0,0,0,0,0,0,NA,0,0
"Manganese_oxide_MnO",100,0,0,0,100,0,0,0,0,0,0,0,0,NA,0,0
"Manganese_oxide_MnO-Mn2O3",100,0,0,0,100,0,0,0,0,0,0,0,0,NA,0,0
"Manganese_oxide_MnO2",100,0,0,0,100,0,0,0,0,0,0,0,0,NA,0,0
"Manganese_proteinate",100,0,0,0,100,0,0,0,0,0,0,0,0,NA,0,0
"Manganese_sulfate_monohydrate",100,0,0,0,100,0,0,0,0,0,0,0,0,NA,0,0
"Mealworm_larvae,_dried",100,50.4,5.1,35.6,3.6,0.2,12,6.7,0,11.2,0,0,0,NA,6630,27.8
"Methionine_Hydroxy_Analog_MHA",100,0,0,0,0,0,0,0,0,0,0,0,0,NA,5670,23.7
"Milk_powder,_skimmed",100,36,0,1.6,8.5,0,0,0,0,0,0,0,50.5,50.5,4370,18.3
"Milk_powder,_whole",100,25.4,0,25.1,6.5,0,0,0,0,0,0,0,34.9,34.9,5540,23.2
"Millet,_pearl",100,12.5,3.2,4.8,2.8,0.6,17.2,4.5,1,16.3,67.1,64.9,2.2,NA,4560,19.1
"Millet,_proso",100,14.2,7.4,5.6,4,0.6,23.2,12,2.3,32.2,64.2,61.7,1.9,NA,4610,19.3
"Molasses,_beet",100,14.2,0,0.2,12.7,0.01,0,0,0,0,0,0,63.5,NA,3690,15.5
"Molasses,_sugarcane",100,5.8,0,1.4,14.3,0.2,0.3,0.1,0.1,0,0,0,63.3,NA,3560,14.9
"Molybdenum_metal",100,0,0,0,100,0,0,0,0,0,0,0,0,NA,0,0
"Molybdenum_trioxide",100,0,0,0,100,0,0,0,0,0,0,0,0,NA,0,0
"Monoammonium_phosphate",100,0,0,0,100,0,0,0,0,0,0,0,0,NA,0,0
"Monocalcium_phosphate",100,0,0,0,81.7,0.6,0,0,0,0,0,0,0,NA,0,0
"Monodicalcium_phosphate",100,0,0,0,83.9,0.5,0,0,0,0,0,0,0,NA,0,0
"Monosodium_phosphate_anhydrous",100,0,0,0,100,0,0,0,0,0,0,0,0,NA,0,0
"Monosodium_phosphate_anhydrous_FG",100,0,0,0,100,0,0,0,0,0,0,0,0,NA,0,0
"Monosodium_phosphate_hydrate",100,0,0,0,100,0,0,0,0,0,0,0,0,NA,0,0
"Monosodium_phosphate_hydrate_FG",100,0,0,0,100,0,0,0,0,0,0,0,0,NA,0,0
"Mustard_bran",100,18.2,21,15.6,14.2,1.1,46.9,33.9,16.2,48.2,6,1.6,4.5,NA,4790,20
"Oat_groats",100,12.8,4.5,3.1,2.5,1.2,12.8,5.3,1.9,24.5,61.5,58.3,1.6,NA,4500,18.8
"Oat_hulls",100,5.2,30.4,2.6,4.8,2.9,71.9,36.8,7,69.8,14,13.3,1.8,NA,4420,18.5
"Oats",100,10.8,13.1,5.4,2.9,1.2,35.7,16.3,2.6,35.7,42.1,39.9,1.5,NA,4650,19.5
"Oats,_flaked",100,10.8,13.1,5.4,2.9,1.2,35.7,16.3,2.6,35.7,42.1,39.9,1.5,NA,4650,19.5
"Olive_oil_cake,_with_pits,_oil_<_5%",100,11.5,39.9,2.7,7.8,0.3,70,54.4,27.1,69.1,0,0,4.3,NA,4470,18.7
"Olive_oil_cake,_with_pits,_oil_>_5%",100,8.9,37.5,11,6.8,0.3,68,52.8,26.7,67.2,0,0,4.3,NA,4890,20.5
"Olive_pulp,_oil_<_10%",100,12.3,21.4,4.2,8,0.3,55,42.3,24.4,54.1,0,0,4.3,NA,4380,18.3
"Olive_pulp,_oil_>_10%",100,11.6,21.4,34.5,5.8,0.3,55,42.3,24.4,54.2,0,0,4.3,NA,6060,25.4
"Palm_kernel_meal,_oil_<_5%",100,18.3,20.7,3.2,4.8,0.4,72.9,44,14.1,64.5,0.6,0.9,2.2,NA,4510,18.9
"Palm_kernel_meal,_oil_5-20%",100,17,20.7,8.3,4.8,0.9,72.9,44,14.1,64.5,1.1,0.9,2.2,NA,4760,19.9
"Palm_oil",100,0,0,99.9,0,0,0,0,0,0,0,0,0,NA,9380,39.3
"Pea",100,23.3,6.4,1.4,3.5,0.07,14.6,7.3,0.5,15,51.3,47.8,4.8,NA,4370,18.3
"Pea_protein_concentrate",100,83.7,0.3,4.7,4.3,0.3,1.3,0.3,0.2,11.9,0.4,0.04,2.1,NA,5430,22.7
"Pea,_extruded",100,23.3,6.4,1.4,3.5,0.07,14.6,7.3,0.5,15,51.3,43.2,4.8,NA,4370,18.3
"Pentacalcium_orthoperiodate",100,0,0,0,100,0,0,0,0,0,0,0,0,NA,0,0
"Phosphate,_defluorinated",100,0,0,0,99.9,1.7,0,0,0,0,0,0,0,NA,0,0
"Potassium_iodide",100,0,0,0,100,0,0,0,0,0,0,0,0,NA,0,0
"Potato_protein_concentrate",100,84.1,0.9,0.7,2.6,0.2,3.1,0.4,0.2,0,0.04,0.1,0.5,NA,5310,22.2
"Potato_pulp,_dried",100,5.4,18.6,0.4,3.5,0.09,28.4,20.9,5.9,27.5,44.3,33.9,1.8,NA,4210,17.6
"Potato_tuber,_dried",100,10.3,2.5,0.4,6.2,1.5,8.3,3.6,0.9,7.4,73.2,70.1,5.3,NA,4060,17
"Poultry_fat",100,0,0,100,0,0,0,0,0,0,0,0,0,NA,9380,39.3
"Processed_animal_proteins,_pig",100,55.1,1.6,14.3,28.2,0.4,6.4,2,0.5,5.5,0,0,0,NA,4400,18.4
"Processed_animal_proteins,_poultry,_protein_>_70%",100,82.2,1.3,12.1,5.5,0.5,5.1,3.4,0.5,4.2,0,0,0,NA,5700,23.8
"Processed_animal_proteins,_poultry,_protein_45-60%",100,57.5,1.3,30.8,10.9,0.5,5.1,3.4,0.5,4.2,0,0,0.4,NA,6070,25.4
"Processed_animal_proteins,_poultry,_protein_60-70%",100,67.5,1,23.2,10.7,0.5,5.1,3.4,0.5,4.2,0,0,0,NA,5830,24.4
"Rapeseed_meal,_oil_<_5%",100,38.1,14.3,2.4,7.6,0.3,31.6,20.7,9.7,35.9,6.3,1.6,10.5,NA,4620,19.3
"Rapeseed_meal,_oil_5-20%",100,33.7,12.7,12.8,6.7,0.3,29.3,19.5,9,34.1,6.6,1.6,10,NA,5120,21.4
"Rapeseed_oil",100,0,0,99.7,0.2,0,0,0,0,0,0,0,0,NA,9380,39.3
"Rapeseed,_whole",100,20.1,9.2,47.7,4.3,0.3,20,14.1,6.4,19.2,3.7,1.6,5.9,NA,6940,29.1
"Rapeseed,_whole,_extruded",100,20.1,9.2,47.7,4.3,0.3,20,14.1,6.4,19.2,3.7,1.6,5.9,NA,6940,29.1
"Rice_bran,_oil_<_5%,_crude_fibre_>_20%",100,6.5,32.9,3.7,18.4,15.2,54.4,37.7,12.3,56.5,15.6,12.5,1.2,NA,4050,17
"Rice_bran,_oil_<_5%,_crude_fibre_11-20%",100,16.4,15.2,1.3,13.8,3.3,32.6,18.3,6.2,33.9,26.4,23.6,2.6,NA,4110,17.2
"Rice_bran,_oil_<_5%,_crude_fibre_5-11%",100,16.4,10.2,3.2,13,1.5,26.3,12.9,4.5,27.5,32,29.4,2.8,NA,4210,17.6
"Rice_bran,_oil_>_5%,_crude_fibre_>_20%",100,7.8,28.7,7.2,17.3,14.9,49.3,33.2,10.8,51.2,16.1,13.1,2.1,NA,4260,17.8
"Rice_bran,_oil_>_5%,_crude_fibre_11-20%",100,12.3,16.3,14.1,12.7,7.2,33.9,19.5,6.6,35.2,26.5,23.7,1.6,NA,4780,20
"Rice_bran,_oil_>_5%,_crude_fibre_5-11%",100,15.4,9,18.6,7.7,1.6,24.5,11.5,4.1,25.9,24.8,21.9,2.8,NA,5220,21.8
"Rice_hulls",100,3.7,42.4,1.6,17.4,15.9,66.1,48.2,15.5,68.6,5.8,2.4,0,NA,3890,16.3
"Rice_shorts,_oil_<_5%,_crude_fibre_<_5%",100,11.5,3.8,3.5,2.5,0.5,16.7,5.8,2.4,19.3,59.9,58.1,3.1,NA,4560,19.1
"Rice_shorts,_oil_>_5%,_crude_fibre_<_5%",100,14.1,4.1,13,6.6,0.7,17.2,6.2,2.5,19.7,42,39.7,3.1,NA,4910,20.6
"Rice,_brown",100,10.5,2.4,2.8,1.9,1,7.5,2.9,1.2,6.6,87.1,86.1,1.2,NA,4380,18.3
"Rice,_paddy",100,8.5,11,2.5,5.8,4.3,26.4,13.5,5.5,25.5,64.3,62.7,1.2,NA,4240,17.7
"Rice,_polished,_broken",100,9.2,0.6,1.3,1,0.4,5.7,1.8,0.4,4.8,86.1,85.1,0.5,NA,4300,18
"Rye",100,9.8,2.3,1.4,2,0.06,14.8,3.3,1.1,14.7,62,56.9,3.6,NA,4290,18
"Seashells,_ground",100,0,0,0,96.2,5.7,0,0,0,0,0,0,0,NA,0,0
"Selenium_methionine",100,0,0,0,100,0,0,0,0,0,0,0,0,NA,0,0
"Selenium_yeast",100,47.9,1.9,5.3,8,0.6,8.3,2.4,0.7,7.5,8.6,0,1.9,NA,4770,20
"Sesame_meal,_oil_>_5%",100,45.1,7.7,11.9,11.9,2.4,22.4,10.1,1.9,21.5,2.1,0.5,3.6,NA,4970,20.8
"Sheanut_oil_meal,_oil_>_5%",100,13.5,10.3,11.6,5.9,0.9,39.2,32.6,18.4,38.3,0,0,0,NA,4780,20
"Shrimp_meal",100,43.3,14.3,5.2,26.1,1.2,29.3,23.5,2.4,0,0,0,0,NA,4020,16.8
"Sodium_bicarbonate",100,0,0,0,64,0,0,0,0,0,0,0,0,NA,0,0
"Sodium_chloride",100,0,0,0,99.7,0,0,0,0,0,0,0,0,NA,0,0
"Sodium_iodide",100,0,0,0,100,0,0,0,0,0,0,0,0,NA,0,0
"Sodium_molybdate_dihydrate",100,0,0,0,100,0,0,0,0,0,0,0,0,NA,0,0
"Sodium_selenate",100,0,0,0,100,0,0,0,0,0,0,0,0,NA,0,0
"Sodium_selenite",100,0,0,0,100,0,0,0,0,0,0,0,0,NA,0,0
"Sodium_sulfate",100,0,0,0,100,0,0,0,0,0,0,0,0,NA,0,0
"Sodium-calcium-magnesium_phosphate",100,0,0,0,100,1.1,0,0,0,0,0,0,0,NA,0,0
"Sorghum",100,10.6,2.8,3.3,2.1,0.3,11.1,4.3,1.1,8.5,73.6,64,1.3,NA,4480,18.7
"Soybean_hulls",100,12.8,39.1,2.1,5.3,0.5,65.3,46.5,2.4,71,5.7,0.1,1.2,NA,4330,18.1
"Soybean_meal,_oil_<_5%,_46%_protein_+_oil",100,49.5,7.2,1.9,7.4,0.3,14.8,8.9,0.8,21.6,6.8,0.9,10.6,NA,4660,19.5
"Soybean_meal,_oil_<_5%,_48%_protein_+_oil",100,52.6,6.8,1.8,7.1,0.6,14.2,8.4,0.6,21,5.7,1.9,9.2,NA,4710,19.7
"Soybean_meal,_oil_<_5%,_48%_protein_+_oil,_extruded",100,52.6,6.8,1.8,7.1,0.6,14.2,8.4,0.6,21,5.7,1.9,9.2,NA,4710,19.7
"Soybean_meal,_oil_<_5%,_48%_protein_+_oil,_formaldehyde-treated",100,52.6,6.8,1.8,7.1,0.6,14.2,8.4,0.6,21,5.7,1.9,9.2,NA,4710,19.7
"Soybean_meal,_oil_<_5%,_50%_protein_+_oil",100,55.2,4.4,1.7,7.3,0.07,10.5,5.7,0.4,17.4,6.3,1.1,10.8,NA,4710,19.7
"Soybean_meal,_oil_5-20%",100,47,6.4,9.5,6.6,0.7,13.6,8,0.8,20.4,5,0.8,9.3,NA,5050,21.1
"Soybean_molasses",100,7.7,0,0.7,19.6,0,0.8,0.4,0,0,0,0,48.2,NA,3320,13.9
"Soybean_oil",100,0,0,100,0,0,0,0,0,0,0,0,0,NA,9380,39.3
"Soybean_protein_concentrate,_protein_50-60%",100,58.3,3.9,1.8,7.2,0.03,9.8,5.1,0.4,8.9,5.1,0.3,2.1,NA,4760,19.9
"Soybean_protein_concentrate,_protein_60-70%",100,69.4,4.4,1.1,6.5,0.03,10.5,5.7,0.2,9.6,8,1.5,0.8,NA,4920,20.6
"Soybean_protein_concentrate,_protein_70-90%",100,84.4,1.3,2.5,4.6,0.03,5.6,2,0.2,4.7,5,0.2,0.8,NA,5280,22.1
"Soybean,_whole,_extruded",100,40.2,6.3,20.5,5.7,0.09,13.4,7.8,1,19.4,5.9,0.7,8.4,NA,5560,23.3
"Soybean,_whole,_flaked",100,40.2,6.3,20.5,5.7,0.09,13.4,7.8,1,19.4,5.9,0.7,8.4,NA,5560,23.3
"Soybean,_whole,_toasted",100,40.4,6.5,22.3,5.5,0.09,13.8,8.1,1,19.6,5.8,0.7,9.2,NA,5670,23.7
"Soybean,_whole,_toasted,_flaked_and_expanded",100,39.6,6.5,22.8,5.5,0.09,13.7,8.1,1,19.5,6.9,0.7,8.2,NA,5690,23.8
"Sunflower_hulls",100,5.7,57.5,4.5,3.3,0.3,80.4,61.7,22.1,84.4,2.1,0.4,1.5,NA,4800,20.1
"Sunflower_meal,_oil_<_5%,_dehulled",100,40.4,19.6,1.4,7.2,0.1,34.8,23.2,7.5,30.6,3.9,1.2,7.4,NA,4620,19.4
"Sunflower_meal,_oil_<_5%,_non_dehulled",100,30.7,29.5,2.1,6.8,0.5,46.8,33.6,11.4,52,3.7,0.5,6,NA,4620,19.4
"Sunflower_meal,_oil_5-20%,_dehulled",100,36,19.7,9.5,6.6,0.1,34.8,23.3,7.5,30.7,5.4,1.2,7.4,NA,5010,21
"Sunflower_meal,_oil_5-20%,_non_dehulled",100,25.8,27.5,15.8,5.6,0.7,44.4,31.5,10.6,47.7,3.9,0.2,6.3,NA,5310,22.2
"Sunflower_oil",100,0,0,99.7,0.05,0,0,0,0,0,0,0,0,NA,9380,39.3
"Sunflower_seed,_whole",100,16,17.1,48,3.4,0.04,31,20.5,6.4,25.2,1.3,0.4,2.7,NA,6850,28.7
"Sweet_potato,_dried",100,5.1,3,1.2,3.4,0.3,10.4,4.9,0.9,9.5,72.8,72.8,7.4,NA,4150,17.4
"Tallow",100,0,0,100,0,0,0,0,0,0,0,0,0,NA,9380,39.3
"Tomato_pulp,_dehydrated",100,20.5,40.6,11,4.8,0.7,55.3,45.3,26.3,54.4,0,0,0.6,NA,5180,21.7
"Tricalcium_phosphate",100,0,0,0,98.2,0,0,0,0,0,0,0,0,NA,0,0
"Triticale",100,11.5,2.9,1.4,2,0.06,15,3.8,1.2,12.6,67.8,62.2,3.5,NA,4320,18.1
"Urea",100,287,0,0,0.03,0,0,0,0,0,0,0,0,NA,2530,10.6
"Vinasse,_different_origins",100,64.2,0,0,7.4,0.01,0,0,0,0,0,0,5.5,NA,4650,19.5
"Vinasse,_from_the_production_of_glutamic_acid",100,69.9,0,0.9,5.8,1,0,0,0,0,0,0,4.6,NA,4850,20.3
"Vinasse,_from_yeast_production,_protein_30_%",100,49.2,0,1.4,14.1,0.01,0,0,0,0,0,0,3,NA,4210,17.6
"Vinasse,_from_yeast_production,_protein_40%",100,61.3,0,1.1,10.3,0.01,0,0,0,0,0,0,3.5,NA,4530,19
"Vinasse,_from_yeast_production,_protein_48%",100,66.1,0,1.4,9.6,0.01,0,0,0,0,0,0,3,NA,4660,19.5
"Wheat_bran",100,17.6,10.5,3.8,5.6,0.2,45.6,13.5,3.9,44.7,22.3,18.7,7.9,NA,4520,18.9
"Wheat_bran_from_starch_production",100,17.4,10.3,3.3,5.1,0.2,44.6,13.3,3.8,43.8,22.7,19,7.9,NA,4510,18.9
"Wheat_bran,_durum",100,17.2,10.8,5.2,5.2,0.1,46.5,13.8,3.9,45.6,24.9,21.1,7.8,NA,4600,19.3
"Wheat_distillers_grains,_starch_<_7%,_dried",100,35.8,7.8,5.4,5.7,0.2,34.7,14.1,5.4,33.9,4.1,1.8,3,NA,4910,20.5
"Wheat_distillers_grains,_starch_>_7%,_dried",100,32.7,6,4.6,5.5,0.7,31,8.8,3.4,30.4,12,9.1,5.8,NA,4810,20.1
"Wheat_feed_flour",100,15.1,1.1,2.7,1.7,0.07,8.2,1.7,0.5,7.5,69.7,62.5,5.6,NA,4510,18.9
"Wheat_feed_flour,_durum",100,16.5,1.7,3,2,0.07,10.6,2.5,0.5,9.9,66.2,59.3,5.7,NA,4540,19
"Wheat_flour_""Gruau_D"",_durum",100,18.5,1.3,3.8,2.7,0.07,8.9,1.9,0.5,8.2,63.1,56.4,5.9,NA,4580,19.2
"Wheat_gluten",100,85,0.7,1.7,1,0,0.5,0.3,0.05,0.5,5.7,5.5,3.1,NA,5450,22.8
"Wheat_gluten_feed,_type_20%_starch",100,19.1,6.8,4.6,7.5,0.3,31.7,9.3,3,31,20.7,20.1,3.2,NA,4530,19
"Wheat_gluten_feed,_type_30%_starch",100,16.7,6.4,2.9,4.1,0.3,31.2,9.1,3,30.5,33.8,32.7,9.4,NA,4550,19.1
"Wheat_middlings_(average)",100,17.9,7.9,4.4,4.7,0.09,35.3,10.3,3,34.4,32.3,27.9,7.9,NA,4580,19.2
"Wheat_middlings,_durum",100,18,8,4.8,4.5,0.09,35.5,10.4,3,34.7,35.8,31.1,7.2,NA,4610,19.3
"Wheat_middlings,_starch_<_20%",100,17.9,8.2,4.3,4.4,0.09,36.2,10.6,3.1,35.3,21.4,17.8,7.9,NA,4580,19.2
"Wheat_middlings,_starch_>_40%",100,17.1,6.5,3.9,3.6,0.09,29.4,8.4,2.5,28.7,51.1,45.4,7.4,NA,4570,19.1
"Wheat_middlings,_starch_20-30%",100,18.1,8,4.6,4.3,0.09,35.5,10.4,3,34.7,28.6,24.5,8,NA,4610,19.3
"Wheat_middlings,_starch_30-40%",100,17.6,6.8,4.2,3.8,0.09,30.7,8.8,2.6,29.9,38.5,33.7,7.7,NA,4590,19.2
"Wheat_straw",100,3.9,41.6,1.4,6.6,3,78,50,7.5,77.1,0.8,0,1.4,NA,4410,18.4
"Wheat,_durum",100,16.4,3,2,2.1,0.05,15.9,4.2,1.3,11.7,63.6,69,3.2,NA,4420,18.5
"Wheat,_soft",100,12.6,2.7,1.6,1.8,0.05,14.7,3.8,1.2,11.4,69.1,65.8,3,NA,4350,18.2
"Whey_permeate",100,5.8,0,1.4,8.7,0.5,0,0,0,0,0,0,86.5,86.5,3730,15.6
"Whey_powder,_acid",100,9.3,0,1.3,11.5,0.5,0,0,0,0,0,0,66.2,66.2,3650,15.3
"Whey_powder,_sweet",100,11.3,0,1.7,10,0.5,0,0,0,0,0,0,66.2,66.2,3770,15.8
"Whey,_dehydrated,_with_added_fat_4-15%",100,15,0,10.4,8.8,0.6,0,0,0,0,0,0,46.8,46.8,4330,18.1
"Whey,_dried,_with_added_fat_15-30%",100,13.8,0,19.6,8.5,0.6,0,0,0,0,0,0,41.6,41.6,4810,20.1
"Zinc_carbonate_FG",100,0,0,0,100,0,0,0,0,0,0,0,0,NA,0,0
"Zinc_carbonate_RG",100,0,0,0,100,0,0,0,0,0,0,0,0,NA,0,0
"Zinc_chloride",100,0,0,0,100,0,0,0,0,0,0,0,0,NA,0,0
"Zinc_lysine",100,0,0,0,100,0,0,0,0,0,0,0,0,NA,0,0
"Zinc_metal",100,0,0,0,100,0,0,0,0,0,0,0,0,NA,0,0
"Zinc_methionine",100,0,0,0,100,0,0,0,0,0,0,0,0,NA,0,0
"Zinc_oxide",100,0,0,0,100,0,0,0,0,0,0,0,0,NA,0,0
"Zinc_sulfate_heptahydrate_RG",100,0,0,0,100,0,0,0,0,0,0,0,0,NA,0,0
