"cc_ift","lib_ift","source","ifthref","iftfref","iftiref","iftaref","iftt1ref","ifttsref","ifttref","iftbcref","ifthbcref","ifthhref"
1,"Banane","SSP - Agreste - Enquête Pratiques phytosanitaires en arboriculture 2018",0.9,6.1,NA,0,7,0,7,0.9,6.1,6.1
2,"Betterave sucriere","SSP - Agreste - Enquête Pratiques culturales en grandes cultures 2017",2.6,1.7,0.2,NA,4.5,1,5.5,NA,5.5,2.9
3,"Ble dur","SSP - Agreste - Enquête Pratiques culturales en grandes cultures 2017",1.5,1.4,0.1,0.3,3.3,1,4.2,NA,4.2,2.7
4,"Ble tendre","SSP - Agreste - Enquête Pratiques culturales en grandes cultures 2017",1.8,1.6,0.2,0.6,4.2,0.9,5.1,0.02,5.1,3.3
5,"Canne a sucre","SSP - Agreste - Enquête Pratiques culturales en grandes cultures 2017",2.6,0,NA,NA,2.7,0,2.7,NA,2.7,0.1
7,"Cerise","SSP - Agreste - Enquête Pratiques phytosanitaires en arboriculture 2018",0.2,3.9,4,0.1,8.2,0,8.2,0.9,7.3,8
9,"Colza","SSP - Agreste - Enquête Pratiques culturales en grandes cultures 2017",1.9,1.1,2.1,0.4,5.6,0.8,6.4,0,6.3,4.5
10,"Feverole","SSP - Agreste - Enquête Pratiques culturales en grandes cultures 2017",1.12,0.83,0.6,0.14,2.69,0.49,3.17,NA,3.16,2.05
12,"Lin fibre","SSP - Agreste - Enquête Pratiques culturales en grandes cultures 2017",2.13,0.57,1.46,NA,4.2,0.93,5.13,NA,5.13,3
13,"Lin oleagineux","SSP - Agreste - Enquête Pratiques culturales en grandes cultures 2017",1.69,0.82,0.3,0.34,3.15,0.64,3.79,NA,3.78,2.1
14,"Mais fourrage","SSP - Agreste - Enquête Pratiques culturales en grandes cultures 2017",1.4,NA,0,NA,1.5,0.9,2.4,NA,2.4,1
16,"Melange de cereales","SSP - Agreste - Enquête Pratiques culturales en grandes cultures 2017",1.45,0.8,0.05,0.3,2.6,0.85,3.5,0,3.45,2.05
17,"Orge","SSP - Agreste - Enquête Pratiques culturales en grandes cultures 2017",1.7,1.1,0.1,0.5,3.4,0.9,4.4,0,4.3,2.7
18,"Peche","SSP - Agreste - Enquête Pratiques phytosanitaires en arboriculture 2018",0.4,10.4,7.4,NA,18.4,0,18.4,2.1,16.3,18
20,"Pois proteagineux","SSP - Agreste - Enquête Pratiques culturales en grandes cultures 2017",1.3,1.2,1.2,NA,3.8,0.8,4.6,NA,4.6,3.3
21,"Pomme de terre","SSP - Agreste - Enquête Pratiques culturales en grandes cultures 2017",2.5,11.7,1.4,0.3,15.8,0.8,16.5,0.4,16.2,14
22,"Prune","SSP - Agreste - Enquête Pratiques phytosanitaires en arboriculture 2018",0.2,4.9,3.1,0.1,8.3,0,8.3,0.9,7.4,8.1
25,"Soja","SSP - Agreste - Enquête Pratiques culturales en grandes cultures 2017",1.54,NA,NA,0.11,1.66,0.1,1.76,NA,1.73,0.22
28,"Tournesol","SSP - Agreste - Enquête Pratiques culturales en grandes cultures 2017",1.3,0.1,0.1,0.3,1.8,0.8,2.7,NA,2.7,1.4
29,"Triticale","SSP - Agreste - Enquête Pratiques culturales en grandes cultures 2017",1.2,0.5,0,0.1,1.8,0.8,2.6,NA,2.6,1.4
30,"Verger","SSP - Agreste - Enquête Pratiques phytosanitaires en arboriculture 2018",0.4,21.1,8.2,1.8,31.5,0,31.5,4.9,26.6,31.1
31,"Mais grain","SSP - Agreste - Enquête Pratiques culturales en grandes cultures 2017",1.6,NA,0.2,0.1,2,0.9,2.8,NA,2.8,1.2
32,"Autre","Absence de référence ou IFT nul",0,0,0,0,0,0,0,0,0,0
34,"Riz","Tour du Valat - https://tourduvalat.centredoc.fr/doc_num.php?explnum_id=3685",2.8,0.6,0,0,3.4,0,3.4,0,3.4,0.6
35,"Agrume","SSP - Agreste - Enquête Pratiques phytosanitaires en arboriculture 2018",0.2,0.9,4.9,0,6,0,6,1.6,4.3,5.8
36,"Noix","Chambre d'agriculture de l'isère - IFT groupe ecophyto 2018 - https://ecophytopic.fr/dephy/surveillance/fermes-dephy-noix-de-grenoble",0.11,3.49,1.98,0,6.24,0,6.24,0.66,6.24,6.13
38,"Chicoree / Endive / Scarole","DEPHY - Ecophyto : https://blog-ecophytohautsdefrance.fr/wp-content/uploads/2015/12/Pr%C3%A9sentation-des-r%C3%A9seaux-DEPHY-r%C3%A9duit-bis.pdf",3.5,NA,NA,NA,7.9,NA,7.9,NA,7.9,4.4
39,"Lavande / Lavandin","Dialecte - Solagro",1.1,0.2,1.6,NA,2.9,0,2.9,NA,2.9,1.8
40,"Millet","1 par défaut",0.5,0.25,0.25,0,1,0,1,0,1,0.5
41,"Oignon / echalote","Chambre d'agriculture de Bretagne 2018 - http://atbvb.fr/sites/default/files/media/2018_06_05_3_copil_breizlegumeau_pres_echalote.pdf",1.3,10,0,0,11.3,0,11.3,0,11.3,10
42,"Oliveraie","DEPHY - Ecophyto : https://ecophytopic.fr/sites/default/files/ARBO_PACA_NEGRE_TRAJ_2014_0.pdf",1,2.3,6.2,0,9.4,0,9.4,0,9.4,8.4
43,"Sarrasin","1 par défaut",0.5,0.25,0.25,0,1,0,1,0,1,0.5
44,"Pomme de terre de consommation","SSP - Agreste - Enquête Pratiques culturales en grandes cultures 2017",2.5,11.7,1.4,0.3,15.8,0.8,16.5,0.4,16.2,14
45,"Pomme de terre primeur","Moyenne coopérative Uniré et Chambres d'agriculture de Bretagne",0.45,NA,NA,NA,NA,NA,3.2,0,3.2,2.8
37,"Artichaut","Chambres d'agriculture de Bretagne",0.37,1.6,0.3,NA,NA,NA,2.27,0,2.27,1.9
6,"Carotte","SSP - Enquête Pratiques phytosanitaires en légumes 2018",2.3,2.9,1.5,0.4,7.1,0.6,7.7,0.4,7.4,5.4
8,"Chou","SSP - Enquête Pratiques phytosanitaires en légumes 2018",0.8,1.8,3.2,0.3,6.1,0.8,6.9,0,6.7,6.1
11,"Fraise","SSP - Enquête Pratiques phytosanitaires en légumes 2018",0.1,3.5,2.7,0.1,6.4,0.5,6.9,0.7,6.2,6.7
15,"Melon","SSP - Enquête Pratiques phytosanitaires en légumes 2018",0.3,5.8,0.8,0.1,7,0.7,7.7,1.2,6.5,7.4
19,"Poireau","SSP - Enquête Pratiques phytosanitaires en légumes 2018",0.8,3.3,3.8,0.2,8.1,0.6,8.7,NA,8.6,7.9
23,"Salade","SSP - Enquête Pratiques phytosanitaires en légumes 2018",0.5,1.5,1,0.1,3.1,0.8,3.9,0.3,3.6,3.4
27,"Tomate","SSP - Enquête Pratiques phytosanitaires en légumes 2018",0.8,5.9,2.8,NA,9.5,0.8,10.3,1.3,9,9.5
NA,"grassland","BVIAS",NA,NA,NA,NA,NA,NA,NA,NA,0,0
