"FADN_code_letter","FADN_code_number","FADN_code_description","land_use_type","RICA_code_number","product_name","comment_match_FADN_RICA","notes","species","crop_family","TFI_crop_name","justif_IFT","EPK_ferti_crop_name","justif_EPK","feed_type","EUROSTAT_feedstuff","EUROSTAT_match_comment","SAA_Agreste_2020","feed_tables","IPCC_default_values"
"CWHTC","10110","Common wheat and spelt","arable","111","Ble_tendre","Direct match (soft wheat and spelt)",NA,"cereal","poaceae","Ble tendre","same denomination","Ble_tendre","same denomination","feed_concent","fodder_wheat","Direct match",NA,"Wheat,_soft","Winter Wheat;Spring Wheat;Wheat"
"CWHTD","10120","Durum wheat","arable","112","Ble_dur","Direct match",NA,"cereal","poaceae","Ble dur","same denomination","Ble_dur","same denomination","feed_concent","fodder_wheat","Grouped with wheat",NA,"Wheat,_durum","Winter Wheat;Spring Wheat;Wheat"
"CRYE","10130","Rye","arable","113","Seigle","Direct match","pas de correspondance dans EPK, on fait un mélange des autres céréales","cereal","poaceae","Ble tendre;Ble dur;Orge;Melange de cereales;Triticale","average of other cereals","Ble_tendre;Ble_dur;Orge;Triticale","average of other cereals","feed_concent","fodder_wheat;barley;ground_barley;oats;maize;ground_maize;wheat_bran;cereal_straw","Cereals average",NA,"Rye","Rye"
"CBRL","10140","Barley","arable","114;115","Orge_de_printemps;Orge_d_hiver_et_escourgeon","Combine spring and winter barley",NA,"cereal","poaceae","Orge","same denomination","Orge","same denomination","feed_concent","barley;ground_barley","Direct + processed form",NA,"Barley","Barley"
"COAT","10150","Oats","arable","116","Avoine","Direct match","pas de correspondance dans EPK, on fait un mélange des autres céréales","cereal","poaceae","Ble tendre;Ble dur;Orge;Melange de cereales;Triticale","average of other cereals","Ble_tendre;Ble_dur;Orge;Triticale","average of other cereals","feed_concent","oats","Direct match",NA,"Oats","Oats"
"CMZ","10160","Grain maize","arable","118","Mais_grain","Direct match",NA,"cereal","poaceae","Mais grain","same denomination","Mais_grain","same denomination","feed_concent","maize","Direct match",NA,"Maize","Maize"
"CRICE","10170","Rice","arable","120","Riz","Direct match",NA,"cereal","poaceae","Riz","same denomination","Ble_tendre;Ble_dur;Orge;Triticale","average of other cereals",NA,"fodder_wheat;barley;ground_barley;oats;maize;ground_maize;wheat_bran;cereal_straw","Cereals average",NA,"Rice,_brown;Rice,_paddy;Rice,_polished,_broken","Rice"
"CCEROTH","10190","Other cereals for the production of grain","arable","117;121;122","Melange_cereales_d_ete;Triticale;Autres_cereales","Combine unmatched cereals","pas de correspondance dans EPK, on fait un mélange des autres céréales;","cereal","poaceae","Ble tendre;Ble dur;Orge;Melange de cereales;Triticale","same denomination;average of other cereals","Ble_tendre;Ble_dur;Orge;Triticale","average of other cereals","feed_concent","fodder_wheat;barley;ground_barley;oats;maize;ground_maize;wheat_bran;cereal_straw","Cereals average",NA,"Barley;Maize;Maize,_extruded;Maize,_flaked;Maize,_high_moisture;Millet,_pearl;Millet,_proso;Oat_groats;Oats;Oats,_flaked;Rice,_brown;Rice,_paddy;Rice,_polished,_broken;Rye;Sorghum;Triticale;Wheat,_durum;Wheat,_soft;Triticale","Generic Grains"
"CPEA","10210","Peas, field beans and sweet lupines","arable","214;215;217;218","Fève et féverole;Pois_sec_pour_l_alimentation_humaine;Pois protéagineux;Lupin doux","Combine protein crops",";pas de correspondance dans EPK, on fait un mélange des autres légumineuses","legumes","fabaceae","Feverole;Pois proteagineux","same denomination;average of other legumes","Feverole;Pois_proteagineux","average of other legumes","feed_concent","Dried_lucerne","Legume/protein crop average",NA,NA,"Beans and Pulses;Beans & pulses"
"CLNTL","10220","Lentils, chickpeas and vetches","arable","216;219","Lentille;Pois_chiche_et_vesce","Direct grouping","pas de correspondance dans EPK, on fait un mélange des autres légumineuses","legumes","fabaceae","Feverole;Pois proteagineux","average of other legumes","Feverole;Pois_proteagineux","average of other legumes","feed_concent","Dried_lucerne","Legume/protein crop average",NA,"Lentils;Chickpea,_kabuli_type;Common_bean;Common_vetch;Cottonseed,_whole;Cottonseed,_whole,_extruded;Cowpea_seed;Faba_bean,_coloured_flowers;Faba_bean,_coloured_flowers,_extruded;Faba_bean,_white_flowers;Lentils;Pea;Pea,_extruded;Lupin,_blue;Lupin,_white;Lupin,_white,_extruded","Beans and Pulses;Beans & pulses"
"CCRPPROTOTH","10290","Other protein crops","arable","220","Autres légumes secs","Generic legume category",";pas de correspondance dans EPK, on fait un mélange des autres légumineuses","legumes","fabaceae","Feverole;Pois proteagineux","same denomination;average of other legumes","Feverole;Pois_proteagineux","average of other legumes","feed_concent","Dried_lucerne","Legume/protein crop average",NA,"Faba_bean,_coloured_flowers;Faba_bean,_coloured_flowers,_extruded;Faba_bean,_white_flowers;Pea;Chickpea,_kabuli_type;Common_bean;Common_vetch;Cottonseed,_whole;Cottonseed,_whole,_extruded;Cowpea_seed;Faba_bean,_coloured_flowers;Faba_bean,_coloured_flowers,_extruded;Faba_bean,_white_flowers;Lentils;Pea;Pea,_extruded;Lupin,_blue;Lupin,_white;Lupin,_white,_extruded","Beans and Pulses;Beans & pulses"
"CPOT","10300","Potatoes (incl early and seed)","arable","201;202;203","Pomme de terre primeur et nouvelle;Pomme de terre de conservation;Pomme de terre de plant","Grouped",NA,"root_vegetable",NA,"Pomme de terre",NA,NA,NA,NA,"Dried_sugar_beet_pulp","Root crop average",NA,NA,"Potatoes and Tubers;Potato;Tubers;Root crops, other"
"CPOTD","10300","Potatoes for starch and other potatoes (incl early and seed)","arable",NA,NA,NA,NA,"root_vegetable",NA,NA,NA,NA,NA,NA,NA,NA,NA,NA,NA
"CPOTST","10310","Potatoes for starch","arable","204","Pomme_de_terre_de_feculerie","Direct match",NA,"root_vegetable","solanaceae","Pomme de terre","same denomination","Pomme_de_terre","same denomination",NA,"Dried_sugar_beet_pulp","Root crop average",NA,"Liquid_potato_feed;Potato_protein_concentrate;Potato_pulp,_dried;Potato_tuber,_dried","Potatoes and Tubers;Potato;Tubers;Root crops, other"
"CPOTOTH","10390","Other potatoes","arable","201;202;203","Pomme_de_terre_primeur_et_nouvelle;Pomme_de_terre_de_conservation;Pomme_de_terre_de_plant","Grouped",NA,"root_vegetable","solanaceae","Pomme de terre primeur;Pomme de terre de consommation;Pomme de terre","same denomination","Pomme_de_terre","same denomination",NA,"Dried_sugar_beet_pulp","Root crop average",NA,"Liquid_potato_feed;Potato_protein_concentrate;Potato_pulp,_dried;Potato_tuber,_dried","Potatoes and Tubers;Potato;Tubers;Root crops, other"
"CSUGBT","10400","Sugar beet (excluding seed)","arable","213","Betterave_sucriere","Direct match",NA,"root_vegetable","chenopodiaceae","Betterave sucriere","same denomination","Betterave_sucriere","same denomination",NA,"Dried_sugar_beet_pulp","Direct by-product match",NA,"Beet_pulp,_dried;Beet_pulp,_pressed","Potatoes and Tubers;Tubers;Root crops, other"
"CFODRTBR","10500","Fodder roots and brassicas (excluding seed)","arable","311","Plantes_sarclees_fourrageres","Closest match","pas de correspondance dans EPK, on fait un mélange des plantes sarclées ; Plantes sarclées fourragères (n. c. semences) : betterave fourragère, chou fourrager, rutabaga, carotte et navet fourragers, betterave demi-sucrière, autres plantes sarclées (n. c. semences).","root_vegetable","multi","Betterave sucriere;Pomme de terre","average of other weeded forage plants","Betterave_sucriere;Pomme_de_terre","average of other weeded forage plants","feed_rough","Dried_sugar_beet_pulp","Root crop average","Autres fourrages annuels, n.c.a.","Beet_pulp,_dried;Beet_pulp,_pressed;Cassava_pulp,_dried;Cassava,_starch_66-70%;Cassava,_starch_70-74%;Chicory_pulp,_dehydrated;Fodder_beet,_raw;Liquid_potato_feed;Potato_protein_concentrate;Potato_pulp,_dried;Potato_tuber,_dried;Sweet_potato,_dried","Potatoes and Tubers;Tubers;Root crops, other"
"CTOBAC","10601","Tobacco","arable","242","Tabac","Direct match",NA,NA,"solanaceae",NA,NA,NA,NA,NA,"Linseed_cake_(expeller);Toasted_extracted_soyabean_meal","Industrial crop average",NA,NA,NA
"CHOP","10602","Hops","arable","241","Houblon","Direct match",NA,NA,"cannabaceae",NA,NA,NA,NA,NA,"Linseed_cake_(expeller);Toasted_extracted_soyabean_meal","Industrial crop average",NA,NA,NA
"CCOTN","10603","Cotton","arable","252","Autres cultures industrielles","No direct match; grouped under industrial crops",NA,"fiber",NA,NA,NA,NA,NA,NA,"Linseed_cake_(expeller);Toasted_extracted_soyabean_meal","Industrial crop average",NA,NA,NA
"CRAPE","10604","Rape and turnip rape","arable","222","Colza","Direct match",NA,"oilseeds","brassicaceae","Colza","same denomination","Colza","same denomination","feed_concent","Linseed_cake_(expeller);Toasted_extracted_soyabean_meal","Oilseed average",NA,"Rapeseed,_whole",NA
"CSNFL","10605","Sunflower","arable","221","Tournesol","Direct match",NA,"oilseeds","asteraceae","Tournesol","same denomination","Tournesol","same denomination","feed_concent","Linseed_cake_(expeller);Toasted_extracted_soyabean_meal","Oilseed average",NA,"Sunflower_seed,_whole",NA
"CSOYA","10606","Soya","arable","223","Soja","Direct match",NA,"legumes","fabaceae","Soja","same denomination","Soja","same denomination","feed_concent","Toasted_extracted_soyabean_meal","Direct match",NA,"Soybean,_whole,_extruded;Soybean,_whole,_flaked;Soybean,_whole,_toasted;Soybean,_whole,_toasted,_flaked_and_expanded","Soybeans;Soybean"
"CLINSED","10607","Linseed (oil flax)","arable","225","Lin_oleagineux","Direct match",NA,"oilseeds","linaceae","Lin oleagineux","same denomination","Lin_oleagineux","same denomination","feed_concent","Linseed_cake_(expeller)","Direct by-product match",NA,"Linseed,_whole",NA
"CCRPOILOTH","10608","Other oil seed crops","arable","229","Autres_oleagineux_(ricin_etc.)","Direct match","pas de correspondance dans EPK, on fait un mélange des autres oléagineux","oilseeds","multi","Tournesol;Colza;Lin oleagineux","average of other oil crops","Tournesol;Colza;Lin_oleagineux","average of other oil crops",NA,"Linseed_cake_(expeller);Toasted_extracted_soyabean_meal","Oilseed average",NA,"Linseed,_whole;Linseed,_whole,_extruded;Rapeseed,_whole;Rapeseed,_whole,_extruded;Soybean,_whole,_extruded;Soybean,_whole,_flaked;Soybean,_whole,_toasted;Soybean,_whole,_toasted,_flaked_and_expanded;Sunflower_seed,_whole",NA
"CFLAX","10609","Flax","arable","232","Lin_a_fibres","Direct match",NA,"fiber","linaceae","Lin fibre","same denomination","Lin_fibre","same denomination",NA,"Linseed_cake_(expeller)","Grouped with linseed",NA,NA,NA
"CHEMP","10610","Hemp","arable","231","Chanvre","Direct match",NA,"fiber","cannabaceae","Lin fibre","other fiber crop","Lin_fibre","other fiber crop",NA,"Linseed_cake_(expeller)","Grouped with linseed",NA,NA,NA
"CFIBOTH","10611","Other fibre plants","arable",NA,NA,NA,NA,"fiber",NA,NA,NA,NA,NA,NA,NA,NA,NA,NA,NA
"CMEDIC","10612","Aromatic plants, medical and culinary plants","arable","251","Plantes_medicinales_condimentaires_aromatiques","Direct match",NA,NA,"multi","Lavande / Lavandin",NA,NA,NA,NA,"Linseed_cake_(expeller);Toasted_extracted_soyabean_meal","Industrial crop average",NA,NA,NA
"CSUGCN","10613","Sugar cane","arable","245","Canne_a_sucre","Direct match",NA,NA,"poaceae","Canne a sucre","same denomination",NA,NA,NA,"Dried_sugar_beet_pulp","Sugar crop proxy",NA,NA,NA
"CCRPINDOTH","10690","Other industrial crops not mentioned elsewhere","arable","252","Autres_cultures_industrielles","Direct match",NA,"cereal","multi",NA,NA,NA,NA,NA,"Linseed_cake_(expeller);Toasted_extracted_soyabean_meal","Industrial crop average",NA,NA,NA
"CCRPINDOTHEXSED_X","10690","Other industrial crops not mentioned elsewhere exluding seed.","arable","252","Autres_cultures_industrielles","Direct match",NA,NA,"multi",NA,NA,NA,NA,NA,"Linseed_cake_(expeller);Toasted_extracted_soyabean_meal","Industrial crop average",NA,NA,NA
"CVEGOF","10711","Fresh veget melons and strawber Open field","arable","410","Ensemble_des_legumes_frais","Grouped vegetables",NA,"vegetable",NA,NA,NA,NA,NA,NA,NA,NA,NA,NA,NA
"CVEGMG","10712","Fresh veget melons and strawber Market gardening","arable","410","Ensemble_des_legumes_frais","Grouped vegetables",NA,"vegetable",NA,NA,NA,NA,NA,NA,NA,NA,NA,NA,NA
"CVEGUG","10720","Fresh veget melons and strawberr Under glass","arable","410","Ensemble_des_legumes_frais","Grouped vegetables",NA,"vegetable",NA,NA,NA,NA,NA,NA,NA,NA,NA,NA,NA
"CCFL","10731","Cauliflower and broccoli","arable","410","Ensemble_des_legumes_frais","Grouped vegetables",NA,"vegetable",NA,"Chou",NA,NA,NA,NA,NA,NA,NA,NA,NA
"CLTUCE","10732","Lettuce","arable","410","Ensemble_des_legumes_frais","Grouped vegetables",NA,"vegetable",NA,"Salade;Chicoree / Endive / Scarole",NA,NA,NA,NA,NA,NA,NA,NA,NA
"CTOMAT","10733","Tomatoes","arable","410","Ensemble_des_legumes_frais","Grouped vegetables",NA,"vegetable",NA,"Tomate",NA,NA,NA,NA,NA,NA,NA,NA,NA
"CCRNSWT","10734","Sweet corn","arable","410","Ensemble_des_legumes_frais","Grouped vegetables",NA,"vegetable",NA,NA,NA,NA,NA,NA,NA,NA,NA,NA,"Maize"
"CONION","10735","Onions","arable","410","Ensemble_des_legumes_frais","Grouped vegetables",NA,"vegetable",NA,"Oignon / echalote",NA,NA,NA,NA,NA,NA,NA,NA,NA
"CGRLC","10736","Garlic","arable","410","Ensemble_des_legumes_frais","Grouped vegetables",NA,"vegetable",NA,"Oignon / echalote",NA,NA,NA,NA,NA,NA,NA,NA,NA
"CCRT","10737","Carrots","arable","410","Ensemble_des_legumes_frais","Grouped vegetables",NA,"vegetable",NA,"Carotte",NA,NA,NA,NA,NA,NA,NA,NA,NA
"CSTRBER","10738","Strawberries","arable","410","Ensemble_des_legumes_frais","Grouped vegetables",NA,"vegetable",NA,"Fraise",NA,NA,NA,NA,NA,NA,NA,NA,NA
"CMELON","10739","Melons","arable","410","Ensemble_des_legumes_frais","Grouped vegetables",NA,"vegetable",NA,"Melon",NA,NA,NA,NA,NA,NA,NA,NA,NA
"CVEGOTH","10790","Other vegetables","arable","410","Ensemble_des_legumes_frais","Grouped vegetables",NA,"vegetable",NA,"Artichaut;Carotte;Chou ;Oignon / echalote;Poireau",NA,NA,NA,NA,NA,NA,NA,NA,NA
"CFLWOUT","10810","Flowers and ornamental plants Outdoor","arable",NA,NA,NA,NA,NA,NA,NA,NA,NA,NA,NA,NA,NA,NA,NA,NA
"CFLWUG","10820","Flowers and ornamental plants Under glass","arable",NA,NA,NA,NA,NA,NA,NA,NA,NA,NA,NA,NA,NA,NA,NA,NA
"CFLWB","10830","Flower bulbs, corms and tubers","arable",NA,NA,NA,NA,NA,NA,NA,NA,NA,NA,NA,NA,NA,NA,NA,NA
"CFLWCUT","10840","Cut flowers and flower buds","arable",NA,NA,NA,NA,NA,NA,NA,NA,NA,NA,NA,NA,NA,NA,NA,NA
"CFLW","10850","Flowering and ornamental plants","arable",NA,NA,NA,NA,NA,NA,NA,NA,NA,NA,NA,NA,NA,NA,NA,NA
"CGRSTMP","10910","Temporary grass","arable","331","Prairies_temporaires","Direct match",NA,NA,"multi",NA,NA,"Prairie_temporaire","same denomination","feed_rough","Meadow_hay","Direct forage proxy","Prairies temporaires","Grass,_dehydrated","Grass-Clover Mixtures;Grass-clover mixtures"
"CFODMZ","10921","Green maize","arable","321","Mais_fourrage","Direct match","Maïs fourrager (n. c. semences) : maïs récolté plante entière avant maturité et utilisé comme fourrage, notamment en vert ou en ensilage.","cereal","poaceae","Mais fourrage","same denomination","Mais_fourrage","same denomination","feed_rough","ground_maize","Direct silage/forage match","Maïs fourrage et ensilage (plante entière)","Maize","Maize"
"CLEG","10922","Leguminous plants","arable","214;215;216;217;218;219;220","Feve_et_feverole;Pois_sec;Lentille;Pois_proteagineux;Lupin_doux;Pois_chiche;Autres_legumes_secs","All pulses grouped",NA,"legumes","fabaceae","Feverole;Pois proteagineux",NA,"Feverole;Pois_proteagineux",NA,"feed_rough","Dried_lucerne","Direct match","Prairie artificielle (luzerne, trèfle violet, ...)","Alfalfa,_dehydrated,_protein_<_16%_dry_matter;Alfalfa,_dehydrated,_protein_>_25%_dry_matter;Alfalfa,_dehydrated,_protein_16-18%_dry_matter;Alfalfa,_dehydrated,_protein_17-19%_dry_matter;Alfalfa,_dehydrated,_protein_19-22%_dry_matter;Alfalfa,_dehydrated,_protein_22-25%_dry_matter;Common_vetch;Lupin,_blue;Lupin,_white","N-fixing forages"
"CFODOTH","10923","Other plants harvested green not mentioned elsewh","arable","311;324","Plantes_sarclees_fourrageres;Autres_fourrages_artificiels","Direct match","Autres fourrages artificiels (n. c. semences) : fourrages annuels et pluriannuels à l'exclusion des prairies temporaires et du maïs, c'est-à-dire : luzerne (sauf pour déshydratation), trèfle violet, lupin fourrager, autres légumineuses fourragères, céréales fourragères à l'exclusion du maïs, oléagineux fourragers, sorgho fourrager.",NA,"multi","Feverole;Pois proteagineux",NA,"Feverole;Pois_proteagineux",NA,"feed_rough","Cereal_straw;Meadow_hay;Dried_lucerne","Forage average","Autres prairies artificielles","Alfalfa,_dehydrated,_protein_<_16%_dry_matter;Alfalfa,_dehydrated,_protein_>_25%_dry_matter;Alfalfa,_dehydrated,_protein_16-18%_dry_matter;Alfalfa,_dehydrated,_protein_17-19%_dry_matter;Alfalfa,_dehydrated,_protein_19-22%_dry_matter;Alfalfa,_dehydrated,_protein_22-25%_dry_matter;Cereal_offal,_crude_fibre_>_14%;Cereal_offal,_crude_fibre_5-14%;Lupin,_blue;Lupin,_white;Lupin,_white,_extruded;Faba_bean,_coloured_flowers;Faba_bean,_coloured_flowers,_extruded;Faba_bean,_white_flowers;Maize_bran;Sorghum","Non-N-fixing forages"
"CARALNDSED","11000","Arable land seed and seedlings","arable",NA,NA,NA,NA,NA,NA,NA,NA,NA,NA,NA,NA,NA,NA,NA,NA
"CARAOTH","11100","Other arable land crops","arable","741","Autres_cultures_de_terres_arables","Direct match",NA,NA,NA,NA,NA,NA,NA,NA,NA,NA,NA,NA,NA
"CFLNDNOSUB","11210","Fallow land without any subsidies","grassland",NA,NA,NA,NA,NA,NA,NA,NA,NA,NA,NA,NA,NA,NA,NA,NA
"CFLNDSUB","11220","Fallow land subject to the payment of subsidies","grassland",NA,NA,NA,NA,NA,NA,NA,NA,NA,NA,NA,NA,NA,NA,NA,NA
"CLNDREADSOW","11300","Land ready for sowing leased to others","arable","344","Terres_louees_prêtes_à_semer","Closest available code",NA,NA,NA,NA,NA,NA,NA,NA,NA,NA,NA,NA,NA
"CKGAR","20000","Kitchen gardens","arable",NA,NA,NA,NA,NA,NA,NA,NA,NA,NA,NA,NA,NA,NA,NA,NA
"CGRSXRG","30100","Pasture and meadow, excluding rough grazings","grassland","341","Prairies_permanentes","Direct match",NA,"grassland","multi","grassland",NA,"Prairie_permanente","same denomination","feed_rough","Meadow_hay","Direct forage proxy","Prairies naturelles ou semées depuis plus de 6 ans","Grass,_dehydrated","Perennial Grasses"
"CRG","30200","Rough grazings","grassland","342","Parcours_landes_et_alpages_productifs_pacages_publics","Direct match",NA,"grassland","multi","grassland",NA,"Prairie_permanente","same denomination","feed_rough","Meadow_hay","Direct forage proxy","STH (Superficies toujours en herbe) peu productives (pâturages pauvres)","Grass,_dehydrated","Perennial Grasses"
"CGRSNOUSESUB","30300","Perm grassland not used for prod and eligible for subs","grassland",NA,NA,NA,NA,NA,NA,NA,NA,NA,NA,NA,NA,NA,NA,NA,NA
"CAPL","40111","Apple","arable","511;512","Pomme_de_table;Pomme_à_cidre","Grouped apples",NA,"fruits",NA,NA,NA,NA,NA,NA,NA,NA,NA,NA,NA
"CPEAR","40112","Pears","arable","513","Poire_de_table","Direct match",NA,"fruits",NA,NA,NA,NA,NA,NA,NA,NA,NA,NA,NA
"CPEACH","40113","Peaches and nectarines","arable","524","Pêche,_brugnon","Direct match",NA,"fruits",NA,"Peche","same denomination",NA,NA,NA,NA,NA,NA,"Pea;Lupin,_blue;Lupin,_white;Lupin,_white,_extruded",NA
"CFRUTTMP","40114","Other fruit of temperate zones","arable","547","Autres_fruits","Grouped fruits",NA,"fruits",NA,"Cerise;Peche;Prune;Verger",NA,NA,NA,NA,NA,NA,NA,NA,NA
"CFRUTTRPL","40115","Fruit of subtropical or tropical zones","arable","548;549;550;544;545","Banane;Ananas;Mangue;Avocat;Figue","Grouped tropical fruits",NA,"fruits",NA,"Banane",NA,NA,NA,NA,NA,NA,NA,NA,NA
"CBERRY","40120","Berry species","arable","541;542;543","Groseille;Cassis;Framboise","Grouped berries",NA,"fruits",NA,NA,NA,NA,NA,NA,NA,NA,NA,NA,NA
"CNUT","40130","Nuts","arable","532;533;534;535","Amande;Châtaigne;Noix;Autres_fruits_à_coque","Grouped nuts",NA,"fruits",NA,"Noix",NA,NA,NA,NA,NA,NA,NA,NA,NA
"CORANG","40210","Oranges","arable","551","Orange","Direct match",NA,"fruits",NA,"Agrume",NA,NA,NA,NA,NA,NA,NA,NA,NA
"CCITRSML","40220","Tangerines, mandarins, clementines and similar","arable","554","Mandarine,_clementine_et_similaires","Direct match",NA,"fruits",NA,"Agrume",NA,NA,NA,NA,NA,NA,NA,NA,NA
"CLMON","40230","Lemons","arable","555","Citron","Direct match",NA,"fruits",NA,"Agrume",NA,NA,NA,NA,NA,NA,NA,NA,NA
"CCITROTH","40290","Other citrus fruit","arable","557","Autres_agrumes","Direct match",NA,"fruits",NA,"Agrume",NA,NA,NA,NA,NA,NA,NA,NA,NA
"COLV","40310","Table olives","arable","561","Olive_de_table","Direct match",NA,"fruits",NA,"Oliveraie",NA,NA,NA,NA,NA,NA,NA,NA,NA
"COLVFR","40320","Olives for oil production (sold in fruit)","arable","562","Olive_pour_l'huile","Direct match",NA,"fruits",NA,"Oliveraie",NA,NA,NA,NA,NA,NA,NA,NA,NA
"COLVOIL","40330","Olive oil","arable","562","Olive_pour_l'huile","Processed product; same base crop",NA,"fruits",NA,"Oliveraie",NA,NA,NA,NA,NA,NA,NA,NA,NA
"COLVBY","40340","Olive by-products","arable",NA,NA,NA,NA,"fruits",NA,"Oliveraie",NA,NA,NA,NA,NA,NA,NA,NA,NA
"CWINEPDO","40411","Quality wine with PDO","arable","630;631","Vignes_AOP/AOC;Raisin_AOP/AOC","Grouped PDO wines",NA,"fruits",NA,NA,NA,NA,NA,NA,NA,NA,NA,NA,NA
"CWINEPGI","40412","Quality wine with PGI","arable","670;671","Vignes_à_vin_IGP/_de_pays;Raisin_à_vin_IGP/_de_pays","Grouped PGI wines",NA,"fruits",NA,NA,NA,NA,NA,NA,NA,NA,NA,NA,NA
"CWINEOTH","40420","Other wines","arable","675;676","Vignes_à_vin_sans_IG_ou_VSIG/_de_table;Raisin_à_vin_sans_IG_ou_VSIG/_de_table","Grouped table wines",NA,"fruits",NA,NA,NA,NA,NA,NA,NA,NA,NA,NA,NA
"CGRPTAB","40430","Table grapes","arable","620;621","Vigne_raisin_de_table;Raisin_de_table","Direct match",NA,"fruits",NA,NA,NA,NA,NA,NA,NA,NA,NA,NA,NA
"CRAISIN","40440","Raisins","arable","621","Raisin_de_table","Closest available code",NA,"fruits",NA,NA,NA,NA,NA,NA,NA,NA,NA,NA,NA
"CGRPWINPDO","40451","Grapes for quality wine with PDO","arable","630;631","Vignes_AOP/AOC;Raisin_AOP/AOC","Same as wine PDO",NA,"fruits",NA,NA,NA,NA,NA,NA,NA,NA,NA,NA,NA
"CGRPWINPGI","40452","Grapes for quality wine with PGI","arable","670;671","Vignes_à_vin_IGP/_de_pays;Raisin_à_vin_IGP/_de_pays","Same as wine PGI",NA,"fruits",NA,NA,NA,NA,NA,NA,NA,NA,NA,NA,NA
"CGRPWINOTH","40460","Grapes for other wines","arable","675;676","Vignes_à_vin_sans_IG_ou_VSIG;Raisin_à_vin_sans_IG_ou_VSIG","Same as table wines",NA,"fruits",NA,NA,NA,NA,NA,NA,NA,NA,NA,NA,NA
"CNURS","40500","Nurseries","arable",NA,NA,NA,NA,NA,NA,NA,NA,NA,NA,NA,NA,NA,NA,NA,NA
"CCRPPERMOTH","40600","Other permanent crops","arable",NA,NA,NA,NA,NA,NA,NA,NA,NA,NA,NA,NA,NA,NA,NA,NA
"COWCHRST","40610","Christmas trees","arable",NA,NA,NA,NA,NA,NA,NA,NA,NA,NA,NA,NA,NA,NA,NA,NA
"CPERMUG","40700","Permanent crops under glass","arable",NA,NA,NA,NA,NA,NA,NA,NA,NA,NA,NA,NA,NA,NA,NA,NA
"CYNG","40800","Growth of young plantations","arable",NA,NA,NA,NA,NA,NA,NA,NA,NA,NA,NA,NA,NA,NA,NA,NA
"CWDED","50200","Wooded area","forest",NA,NA,NA,NA,NA,NA,NA,NA,NA,NA,NA,NA,NA,NA,NA,NA
"COWSHROT","50210","Of which short rotation coppices","forest",NA,NA,NA,NA,NA,NA,NA,NA,NA,NA,NA,NA,NA,NA,NA,NA
"CLNDOTH","50900","Other land","other",NA,NA,NA,NA,NA,NA,NA,NA,NA,NA,NA,NA,NA,NA,NA,NA
"CMUSH","60000","Mushrooms","arable","711","Champignons","Direct match",NA,NA,NA,NA,NA,NA,NA,NA,NA,NA,NA,NA,NA
"CRENTOUTLND","90100","Receipts from renting out agricultural land","other",NA,NA,NA,NA,NA,NA,NA,NA,NA,NA,NA,NA,NA,NA,NA,NA
"CSUGBTTOP","90320","Sugar beet tops","arable","213","Betterave_sucriere","By-product proxy",NA,"root_vegetable","chenopodiaceae","Betterave sucriere","same denomination","Betterave_sucriere","same denomination",NA,"Dried_sugar_beet_pulp","By-product proxy",NA,"Beet_pulp,_dried;Beet_pulp,_pressed",NA
"COTH","90900","Other","other",NA,NA,NA,NA,NA,NA,NA,NA,NA,NA,NA,NA,NA,NA,NA,NA
"CTOTCERNORICE","CER","Cereals (excl. rice)",NA,NA,NA,NA,NA,NA,NA,NA,NA,NA,NA,NA,NA,NA,NA,NA,NA
"CTOTCER","CERRI","cereals (incl. Rice)",NA,NA,NA,NA,NA,NA,NA,NA,NA,NA,NA,NA,NA,NA,NA,NA,NA
"CTOTCOP","COP","Cereals _oilse&prot",NA,NA,NA,NA,NA,NA,NA,NA,NA,NA,NA,NA,NA,NA,NA,NA,NA
"CTOTFORAGE","FOR","Forage (incl. Grass)",NA,NA,NA,NA,NA,NA,NA,NA,NA,NA,NA,NA,NA,NA,NA,NA,NA
"CTOTFORAGECR","FORCR","Forage crops products",NA,NA,NA,NA,NA,NA,NA,NA,NA,NA,NA,NA,NA,NA,NA,NA,NA
"CTOTFRUT","FRU","Fruit (incl. Citrus)",NA,NA,NA,NA,NA,NA,NA,NA,NA,NA,NA,NA,NA,NA,NA,NA,NA
"CTOTUG","GLA","Crops under glas",NA,NA,NA,NA,NA,NA,NA,NA,NA,NA,NA,NA,NA,NA,NA,NA,NA
"CTOTGRASS","GRA","Grass",NA,NA,NA,NA,NA,NA,NA,NA,NA,NA,NA,NA,NA,NA,NA,NA,NA
"CTOTHORT","HOR","Vegetables, mushrooms, flowers",NA,NA,NA,NA,NA,NA,NA,NA,NA,NA,NA,NA,NA,NA,NA,NA,NA
"CTOTIRRIG","IRR","Tot.irr.crop",NA,NA,NA,NA,NA,NA,NA,NA,NA,NA,NA,NA,NA,NA,NA,NA,NA
"CTOTNONFOOD","NFC","Tot. n.food cr. set as.ar.",NA,NA,NA,NA,NA,NA,NA,NA,NA,NA,NA,NA,NA,NA,NA,NA,NA
"CTOTCROPOTH","OCC","Oth. field cash crops",NA,NA,NA,NA,NA,NA,NA,NA,NA,NA,NA,NA,NA,NA,NA,NA,NA
"CTOTPERMOTH","OPC","Non-fruit permanent crops",NA,NA,NA,NA,NA,NA,NA,NA,NA,NA,NA,NA,NA,NA,NA,NA,NA
"CCRPPROT_X",NA,"Dry pulses","arable","323","Luzerne_pour_deshydratation","Closest match (dry pulse)",NA,"legumes",NA,NA,NA,NA,NA,NA,"Dried_lucerne","Legume/protein crop average",NA,NA,NA
"CFRUTBER_X",NA,"Fruit and berry orchar.","arable","721","Pepinieres_fruitieres,_plants_fruitiers","Closest proxy (fruit orchards)",NA,"fruits",NA,NA,NA,NA,NA,NA,NA,NA,NA,NA,NA
"COLVGROV_X",NA,"Olive groves","arable","562","Olive_pour_l'huile","Direct match",NA,"fruits",NA,NA,NA,NA,NA,NA,NA,NA,NA,NA,NA
"CSEEDGRAS_X",NA,"Grass seed","arable","371","Semences_d'herbe","Direct match",NA,NA,NA,NA,NA,NA,NA,NA,"Meadow_hay;Dried_lucerne","Forage average",NA,NA,NA
"CUNUSEDLND",NA,"Unutilised agricultural land","other",NA,NA,NA,NA,NA,NA,NA,NA,NA,NA,NA,NA,NA,NA,NA,NA
"CVIN_X",NA,"Vines","arable","630;670;675","Vignes_AOP/AOC;Vignes_IGP;Vignes_sans_IG","All wine vines grouped",NA,"fruits",NA,NA,NA,NA,NA,NA,NA,NA,NA,NA,NA
